"site","year","month","avg_phase_air","avg_phase_water","avg_phase_lag","phase_lag_flag1","phase_lag_flag2","phase_lag_flag","month_date"
"Bailey Creek",2019,5,14.5420754921194,-0.38054083499093,-9.07738367288962,TRUE,TRUE,2,2019-05-01
"Bailey Creek",2019,6,14.6024027548161,-0.25990962290034,-9.13768762228356,TRUE,TRUE,2,2019-06-01
"Bailey Creek",2019,7,14.1140069790604,-0.420408035920482,-9.46558498501907,TRUE,TRUE,2,2019-07-01
"Bailey Creek",2019,8,14.0398997209843,-0.690991919772054,-9.26910835924364,TRUE,TRUE,2,2019-08-01
"Bailey Creek",2020,3,14.2337308517524,-1.32445684420251,-8.44181230404512,TRUE,TRUE,2,2020-03-01
"Bailey Creek",2020,4,13.5842785975484,-0.636035110922691,-8.4463529581956,TRUE,TRUE,2,2020-04-01
"Bailey Creek",2020,5,14.5633597192027,-0.41852667965345,-9.01811360114381,TRUE,TRUE,2,2020-05-01
"Bailey Creek",2020,6,14.2564822365524,-0.89524693011001,-8.84827083333757,TRUE,TRUE,2,2020-06-01
"Bailey Creek",2020,7,14.2969469727717,-0.884516266924385,-8.81853676030394,TRUE,TRUE,2,2020-07-01
"Bailey Creek",2020,8,14.055988907254,-1.12646933339497,-8.81754175935106,TRUE,TRUE,2,2020-08-01
"Bailey Creek",2020,9,13.860982363638,-1.53883507722563,-8.60018255913636,TRUE,TRUE,2,2020-09-01
"Bailey Creek",2020,10,13.5410828542047,-1.25353474919165,-9.20538239660363,TRUE,TRUE,2,2020-10-01
"Bailey Creek",2020,11,13.3853727215839,-1.70084679142435,-8.91378048699176,TRUE,TRUE,2,2020-11-01
"Bailey Creek",2021,3,13.8876714649628,-1.45342805846332,-8.65890047657386,TRUE,TRUE,2,2021-03-01
"Bailey Creek",2021,4,13.6192681156178,-1.1996053718779,-9.18112651250425,TRUE,TRUE,2,2021-04-01
"Bailey Creek",2021,5,14.6680960415392,-0.799880012234021,-8.53202394622675,TRUE,TRUE,2,2021-05-01
"Bailey Creek",2021,6,13.6064185315057,-1.24137066751306,-8.32462459408467,TRUE,TRUE,2,2021-06-01
"Bailey Creek",2021,7,14.3200550660139,-1.41829600692773,-8.26164892705838,TRUE,TRUE,2,2021-07-01
"Bailey Creek",2021,8,13.9964063566913,-1.6266118476246,-8.37698179568408,TRUE,TRUE,2,2021-08-01
"Bailey Creek",2021,9,13.6076441692602,-1.75084837694003,-8.64150745379979,TRUE,TRUE,2,2021-09-01
"Bailey Creek",2021,10,14.0838586688169,-1.61472750224083,-8.30141382894231,TRUE,TRUE,2,2021-10-01
"Bailey Creek",2021,11,13.1750665554755,-1.64703272509858,-9.17790071942589,TRUE,TRUE,2,2021-11-01
"Bailey Creek",2022,3,13.511244797649,-1.38487443120796,-9.10388077114306,TRUE,TRUE,2,2022-03-01
"Bailey Creek",2022,4,13.7539851173199,-1.20077789264946,-9.04523699003062,TRUE,TRUE,2,2022-04-01
"Bailey Creek",2022,5,14.4720442849726,-0.624519697506312,-8.90343601752106,TRUE,TRUE,2,2022-05-01
"Bailey Creek",2022,6,14.4366364916185,-0.750010903258556,-8.81335260512293,TRUE,TRUE,2,2022-06-01
"Bailey Creek",2022,7,14.1294966359541,-0.80258183229315,-9.06792153175275,TRUE,TRUE,2,2022-07-01
"Bailey Creek",2022,8,14.255351989352,-0.665076562620453,-9.0795714480276,TRUE,TRUE,2,2022-08-01
"Bailey Creek",2022,9,13.9274693380514,-0.861603456328791,-9.21092720561978,TRUE,TRUE,2,2022-09-01
"Bailey Creek",2022,10,13.8938429946585,-0.842045850470465,-9.26411115487099,TRUE,TRUE,2,2022-10-01
"Bailey Creek",2022,11,12.6887593690306,-1.61042409542687,-9.70081653554257,TRUE,TRUE,2,2022-11-01
"Bailey Creek",2023,3,14.1680265843078,-1.22884398524582,-8.60312943044634,TRUE,TRUE,2,2023-03-01
"Bailey Creek",2023,4,14.0820156211423,-0.348300895483058,-9.56968348337466,TRUE,TRUE,2,2023-04-01
"Bailey Creek",2023,5,14.6768554594938,7.42111886209781,7.25573659739599,TRUE,TRUE,2,2023-05-01
"Bailey Creek",2023,6,14.7212768230723,6.65711011552931,8.064166707543,TRUE,TRUE,2,2023-06-01
"Bailey Creek",2023,7,14.3018028487343,6.51264487331712,7.78915797541723,TRUE,TRUE,2,2023-07-01
"Bailey Creek",2023,8,14.2773294207885,6.55905738942572,7.71827203136276,TRUE,TRUE,2,2023-08-01
"Bailey Creek",2023,9,14.0653987883723,6.37553577466258,7.68986301370969,TRUE,TRUE,2,2023-09-01
"Bailey Creek",2023,10,14.2845618974451,6.28490968830727,7.9996522091378,TRUE,TRUE,2,2023-10-01
"Bailey Creek",2023,11,13.9575331910793,5.66064084258765,8.29689234849168,TRUE,TRUE,2,2023-11-01
"Bailey Creek",2024,2,13.8356049672511,5.34138589142771,8.49421907582335,TRUE,TRUE,2,2024-02-01
"Bailey Creek",2024,3,13.3087371685779,5.92985082905614,7.37888633952172,TRUE,TRUE,2,2024-03-01
"Bailey Creek",2024,4,13.9958111205416,7.22939540993813,6.76641571060346,TRUE,TRUE,2,2024-04-01
"Bailey Creek",2024,5,13.6973209035163,6.88641708913762,6.8109038143787,TRUE,TRUE,2,2024-05-01
"Bailey Creek",2024,6,14.2013426333267,6.75113391474353,7.45020871858322,TRUE,TRUE,2,2024-06-01
"Bailey Creek",2024,7,14.1642153297708,6.7393766653764,7.42483866439444,TRUE,TRUE,2,2024-07-01
"Bailey Creek",2024,8,14.2428957552466,6.69949407901918,7.54340167622746,TRUE,TRUE,2,2024-08-01
"Bailey Creek",2024,9,14.0789550360743,6.50805719935271,7.5708978367216,TRUE,TRUE,2,2024-09-01
"Bear Creek",2022,6,15.3395548874132,7.90340691773371,7.43614796967945,TRUE,TRUE,2,2022-06-01
"Bear Creek",2022,7,14.8119366362671,7.68216278173107,7.12977385453604,TRUE,TRUE,2,2022-07-01
"Bear Creek",2022,8,14.899982250121,7.50489383285375,7.39508841726729,TRUE,TRUE,2,2022-08-01
"Bear Creek",2022,9,15.003830064511,7.27711077678173,7.72671928772926,TRUE,TRUE,2,2022-09-01
"Bear Creek",2022,10,14.8339348107909,7.05246733905514,7.78146747173579,TRUE,TRUE,2,2022-10-01
"Bear Creek",2023,4,14.9336560152154,7.21548626853575,7.71816974667961,TRUE,TRUE,2,2023-04-01
"Bear Creek",2023,5,15.5700319088848,8.09611208786741,7.47391982101734,TRUE,TRUE,2,2023-05-01
"Bear Creek",2023,6,15.2413890488833,8.22878900279787,7.01260004608546,TRUE,TRUE,2,2023-06-01
"Bear Creek",2023,7,15.0727251308567,7.47909867638411,7.59362645447264,TRUE,TRUE,2,2023-07-01
"Bear Creek",2023,8,14.8923729550456,6.90999871863148,7.98237423641412,TRUE,TRUE,2,2023-08-01
"Bear Creek",2023,9,15.4520782728498,6.5490082307298,8.90307004212,TRUE,TRUE,2,2023-09-01
"Bear Creek",2023,10,13.4439300108025,6.31172524279412,8.97835861416226,TRUE,TRUE,2,2023-10-01
"Bear Creek",2023,11,15.4541452910289,5.23941315983421,10.2147321311946,TRUE,TRUE,2,2023-11-01
"Bear Creek",2024,4,14.687970633245,7.50795723956042,7.18001339368457,TRUE,TRUE,2,2024-04-01
"Bear Creek",2024,5,14.7257844047471,7.75531525724537,6.97046914750175,TRUE,TRUE,2,2024-05-01
"Blackrock Creek 1",2021,8,14.4816710344877,13.5179931778415,0.963677856646201,FALSE,FALSE,0,2021-08-01
"Blackrock Creek 1",2021,9,14.52293019421,13.3677824385637,1.15514775564631,FALSE,FALSE,0,2021-09-01
"Blackrock Creek 1",2021,10,14.7255199132716,13.5029789306693,1.22254098260227,FALSE,FALSE,0,2021-10-01
"Blackrock Creek 1",2022,4,14.8760347882737,13.2380413575341,1.63799343073961,FALSE,FALSE,0,2022-04-01
"Blackrock Creek 1",2022,5,14.794368279549,12.9020525183129,1.89231576123606,FALSE,FALSE,0,2022-05-01
"Blackrock Creek 1",2022,6,14.7985008404842,10.948455911873,3.85004492861125,FALSE,TRUE,1,2022-06-01
"Blackrock Creek 1",2022,7,14.5022811531515,12.2939689634756,2.2083121896759,FALSE,FALSE,0,2022-07-01
"Blackrock Creek 1",2022,8,14.6273899865005,13.6773725263454,0.95001746015519,FALSE,FALSE,0,2022-08-01
"Blackrock Creek 1",2022,9,14.661769046211,13.5541715789388,1.10759746727225,FALSE,FALSE,0,2022-09-01
"Blackrock Creek 1",2022,10,14.3767955432564,13.4712044345162,0.905591108740178,FALSE,FALSE,0,2022-10-01
"Blackrock Creek 1",2023,4,14.9301375126509,13.4049948565006,1.52514265615034,FALSE,FALSE,0,2023-04-01
"Blackrock Creek 1",2023,5,15.1511013082926,12.6519394630698,2.49916184522282,FALSE,FALSE,0,2023-05-01
"Blackrock Creek 1",2023,6,14.6967357171501,10.7208323268533,3.97590339029684,FALSE,TRUE,1,2023-06-01
"Blackrock Creek 1",2023,7,14.5559729408226,11.71607150736,2.83990143346257,FALSE,FALSE,0,2023-07-01
"Blackrock Creek 1",2023,8,14.539414529231,9.09380064975522,5.44561387947573,TRUE,TRUE,2,2023-08-01
"Blackrock Creek 1",2023,9,14.6326826428245,9.70531340775658,4.92736923506787,FALSE,TRUE,1,2023-09-01
"Blackrock Creek 1",2023,10,14.6337140995626,12.8757292472717,1.75798485229092,FALSE,FALSE,0,2023-10-01
"Blackrock Creek 1",2024,4,14.5121305767785,14.0020295603873,0.510101016391144,FALSE,FALSE,0,2024-04-01
"Blackrock Creek 1",2024,5,14.4972843460532,13.0505440433967,1.44674030265656,FALSE,FALSE,0,2024-05-01
"Blackrock Creek 1",2024,6,14.5281370742079,11.8903246040086,2.63781247019925,FALSE,FALSE,0,2024-06-01
"Blackrock Creek 1",2024,7,14.4102157340489,12.6352758765395,1.77493985750938,FALSE,FALSE,0,2024-07-01
"Blackrock Creek 1",2024,8,14.5297882234728,12.532123806657,1.99766441681577,FALSE,FALSE,0,2024-08-01
"Blackrock Creek 2",2021,8,14.4821820023711,13.6784352748186,0.803746727552577,FALSE,FALSE,0,2021-08-01
"Blackrock Creek 2",2021,9,14.5104988214762,13.7057124228176,0.804786398658563,FALSE,FALSE,0,2021-09-01
"Blackrock Creek 2",2021,10,14.836405814616,13.9490777202742,0.887328094341826,FALSE,FALSE,0,2021-10-01
"Blackrock Creek 2",2022,4,14.8741584052649,13.9561136971639,0.918044708100921,FALSE,FALSE,0,2022-04-01
"Blackrock Creek 2",2022,5,14.7672826134338,13.0327771780345,1.73450543539935,FALSE,FALSE,0,2022-05-01
"Blackrock Creek 2",2022,6,14.7970349573264,11.1766416882911,3.62039326903526,FALSE,TRUE,1,2022-06-01
"Blackrock Creek 2",2022,7,14.5071711674594,12.7328830354631,1.77428813199626,FALSE,FALSE,0,2022-07-01
"Blackrock Creek 2",2022,8,14.6268268067296,13.8914107506369,0.73541605609264,FALSE,FALSE,0,2022-08-01
"Blackrock Creek 2",2022,9,14.598482985339,13.9506449542547,0.647838031084342,FALSE,FALSE,0,2022-09-01
"Blackrock Creek 2",2022,10,14.3755642732625,14.1860022635622,0.189562009700315,FALSE,FALSE,0,2022-10-01
"Blackrock Creek 2",2023,4,14.8225259694339,14.0710678456772,0.751458123756691,FALSE,FALSE,0,2023-04-01
"Blackrock Creek 2",2023,5,15.1492006477444,12.7892345152258,2.35996613251858,FALSE,FALSE,0,2023-05-01
"Blackrock Creek 2",2023,6,14.739893636483,10.6276517041507,4.11224193233235,FALSE,TRUE,1,2023-06-01
"Blackrock Creek 3",2013,7,14.3779331520437,-0.458235954709675,-9.16383089324663,TRUE,TRUE,2,2013-07-01
"Blackrock Creek 3",2013,8,14.2145156250129,-0.775063124474879,-9.01042125051221,TRUE,TRUE,2,2013-08-01
"Blackrock Creek 3",2013,9,14.1491888949406,-1.10154011727496,-8.74927098778445,TRUE,TRUE,2,2013-09-01
"Blackrock Creek 3",2014,5,15.1597857758472,2.28697515105507,-9.71542466932555,TRUE,TRUE,2,2014-05-01
"Blackrock Creek 3",2014,6,14.6408850102256,-0.733827487994438,-8.62528750177998,TRUE,TRUE,2,2014-06-01
"Blackrock Creek 3",2014,7,14.4114953466194,-1.20123994131909,-8.38726471206155,TRUE,TRUE,2,2014-07-01
"Blackrock Creek 3",2014,8,14.4291111626527,-1.1776603057256,-8.39322853162167,TRUE,TRUE,2,2014-08-01
"Blackrock Creek 3",2014,9,14.392543126558,-1.33740864203476,-8.27004823140719,TRUE,TRUE,2,2014-09-01
"Blackrock Creek 3",2014,10,14.4217829481269,-1.57904098811481,-7.99917606375825,TRUE,TRUE,2,2014-10-01
"Blackrock Creek 4",2014,5,15.2801694133141,3.03894371522972,-2.15877430191566,TRUE,TRUE,2,2014-05-01
"Blackrock Creek 4",2014,6,14.6843148930574,-0.223880139000932,-9.09180496794167,TRUE,TRUE,2,2014-06-01
"Blackrock Creek 5",2014,6,14.6937308332468,1.00029239803505,-10.3065615647883,TRUE,TRUE,2,2014-06-01
"Blackrock Creek 5",2014,7,14.4527023725546,-0.239865581191158,-9.30743204625422,TRUE,TRUE,2,2014-07-01
"Blackrock Creek 5",2014,8,14.5001395084141,-0.52933913526883,-8.9705213563171,TRUE,TRUE,2,2014-08-01
"Blackrock Creek 5",2014,9,14.4045230314015,-0.624107735283181,-8.97136923331527,TRUE,TRUE,2,2014-09-01
"Blackrock Creek 5",2014,10,14.4540296572151,-0.321189882152708,-9.22478046063219,TRUE,TRUE,2,2014-10-01
"Blacktail Groundwater Spring",2023,7,14.4356952245713,11.4347709145341,3.0009243100372,FALSE,FALSE,0,2023-07-01
"Blacktail Groundwater Spring",2023,8,14.4652374823572,10.8307672883186,3.6344701940386,FALSE,TRUE,1,2023-08-01
"Blacktail Groundwater Spring",2023,9,14.5899076669455,10.4201794496328,4.16972821731271,FALSE,TRUE,1,2023-09-01
"Blacktail Groundwater Spring",2024,4,14.1380221456756,14.746474560866,-0.608452415190328,FALSE,TRUE,1,2024-04-01
"Blacktail Groundwater Spring",2024,5,14.4096046278288,14.5030095806159,-0.0934049527871721,FALSE,FALSE,0,2024-05-01
"Blacktail Groundwater Spring",2024,6,14.4953873848646,14.6978554288179,-0.202468043953302,FALSE,FALSE,0,2024-06-01
"Blacktail Groundwater Spring",2024,7,14.2767841515764,14.2242324953357,0.0525516562406434,FALSE,FALSE,0,2024-07-01
"Blacktail Groundwater Spring",2024,8,14.19036866163,13.9477408325082,0.242627829121839,FALSE,FALSE,0,2024-08-01
"Blacktail Springs 1",2020,11,14.1608615945303,13.141103706533,1.01975788799734,FALSE,FALSE,0,2020-11-01
"Blacktail Springs 1",2021,3,14.1308587840532,13.6642143871857,0.466644396867504,FALSE,FALSE,0,2021-03-01
"Blacktail Springs 1",2021,4,14.6171915289791,14.0649591085531,0.552232420426051,FALSE,FALSE,0,2021-04-01
"Blacktail Springs 1",2021,5,14.8255714935657,14.353680392992,0.471891100573718,FALSE,FALSE,0,2021-05-01
"Blacktail Springs 1",2021,6,14.5331347010628,14.5020222496028,0.031112451459959,FALSE,FALSE,0,2021-06-01
"Blacktail Springs 1",2021,7,14.3250740245385,14.3939278758018,-0.0688538512633092,FALSE,FALSE,0,2021-07-01
"Blacktail Springs 1",2021,8,14.4697276395017,14.2400861764155,0.229641463086255,FALSE,FALSE,0,2021-08-01
"Blacktail Springs 1",2021,9,14.5242276520907,13.648391975268,0.875835676822671,FALSE,FALSE,0,2021-09-01
"Blacktail Springs 1",2021,10,14.4435122349394,13.509811103682,0.933701131257442,FALSE,FALSE,0,2021-10-01
"Blacktail Springs 1",2021,11,14.149939071554,13.24559273216,0.904346339393972,FALSE,FALSE,0,2021-11-01
"Blacktail Springs 1",2022,2,14.0456462225846,13.6424791358788,0.40316708670586,FALSE,FALSE,0,2022-02-01
"Blacktail Springs 1",2022,3,14.355416876326,13.9837584042013,0.371658472124744,FALSE,FALSE,0,2022-03-01
"Blacktail Springs 1",2022,4,14.2552288774906,14.6080535742666,-0.352824696775959,FALSE,FALSE,0,2022-04-01
"Blacktail Springs 1",2022,5,14.4784066163827,14.8264970974409,-0.348090481058156,FALSE,FALSE,0,2022-05-01
"Blacktail Springs 1",2022,6,14.634133417085,14.6895283771975,-0.0553949601124749,FALSE,FALSE,0,2022-06-01
"Blacktail Springs 1",2022,7,14.3044724457588,14.6207841143244,-0.316311668565629,FALSE,FALSE,0,2022-07-01
"Blacktail Springs 1",2022,8,14.3360797406105,14.846279393112,-0.51019965250151,FALSE,TRUE,1,2022-08-01
"Blacktail Springs 1",2022,9,14.2447266081428,14.7866210956359,-0.541894487493136,FALSE,TRUE,1,2022-09-01
"Blacktail Springs 1",2022,10,14.0954964781849,14.238110898615,-0.142614420430118,FALSE,FALSE,0,2022-10-01
"Blacktail Springs 1",2023,3,14.1038144608193,14.5612999932154,-0.457485532396083,FALSE,FALSE,0,2023-03-01
"Blacktail Springs 1",2023,4,14.8221644626495,14.795518635504,0.0266458271455013,FALSE,FALSE,0,2023-04-01
"Blacktail Springs 1",2023,5,14.8339213223687,15.0987070914696,-0.264785769100949,FALSE,FALSE,0,2023-05-01
"Blacktail Springs 1",2023,6,14.5065903935617,14.2561838182452,0.250406575316506,FALSE,FALSE,0,2023-06-01
"Blacktail Springs 1",2023,7,14.4260833631752,11.2742577480444,3.15182561513083,FALSE,FALSE,0,2023-07-01
"Blacktail Springs 1",2023,8,14.4601081701541,11.2393923888166,3.22071578133757,FALSE,FALSE,0,2023-08-01
"Blacktail Springs 1",2023,9,14.6130689317224,11.6290350116782,2.98403392004421,FALSE,FALSE,0,2023-09-01
"Blacktail Springs 1",2023,10,14.5076856089741,14.412201356521,0.0954842524531268,FALSE,FALSE,0,2023-10-01
"Blacktail Springs 1",2024,3,13.6497984448041,14.4820255810102,-0.832227136206075,FALSE,TRUE,1,2024-03-01
"Blacktail Springs 1",2024,4,14.1930300629055,15.0338209615455,-0.840790898640017,FALSE,TRUE,1,2024-04-01
"Blacktail Springs 1",2024,5,14.4651447591006,15.0948794942446,-0.629734735143929,FALSE,TRUE,1,2024-05-01
"Blacktail Springs 1",2024,6,14.4929994188107,15.0705785171059,-0.577579098295193,FALSE,TRUE,1,2024-06-01
"Blacktail Springs 1",2024,7,14.325584298345,14.8696016881385,-0.544017389793408,FALSE,TRUE,1,2024-07-01
"Blacktail Springs 1",2024,8,14.2037388818358,14.9298100985455,-0.726071216709763,FALSE,TRUE,1,2024-08-01
"Blacktail Springs 1",2024,9,14.3840799158289,14.8343207640286,-0.45024084819967,FALSE,FALSE,0,2024-09-01
"Blacktail Springs 2",2021,8,14.444871426743,15.7957153441014,-1.35084391735836,FALSE,TRUE,1,2021-08-01
"Blacktail Springs 2",2021,9,14.5141580792106,15.4687044176158,-0.954546338405202,FALSE,TRUE,1,2021-09-01
"Blacktail Springs 2",2021,10,14.4783030971661,15.3779800044495,-0.899676907283367,FALSE,TRUE,1,2021-10-01
"Blacktail Springs 2",2022,4,14.114137879071,15.213992753926,-1.09985487485498,FALSE,TRUE,1,2022-04-01
"Blacktail Springs 2",2022,5,14.4310921159819,15.2954401343947,-0.864348018412818,FALSE,TRUE,1,2022-05-01
"Blacktail Springs 2",2022,6,14.605992777485,15.2319980070784,-0.626005229593385,FALSE,TRUE,1,2022-06-01
"Blacktail Springs 2",2022,7,14.2735589580299,15.2405641256842,-0.967005167654371,FALSE,TRUE,1,2022-07-01
"Blacktail Springs 2",2022,8,14.2196717665733,16.1382764575373,-1.91860469096404,FALSE,TRUE,1,2022-08-01
"Blacktail Springs 2",2023,4,14.7450982939662,15.1160825489651,-0.370984254998899,FALSE,FALSE,0,2023-04-01
"Blacktail Springs 2",2023,5,14.858533201338,15.4495227754403,-0.590989574102293,FALSE,TRUE,1,2023-05-01
"Blacktail Springs 2",2023,6,14.5955247642651,15.3126786710873,-0.717153906822203,FALSE,TRUE,1,2023-06-01
"Box Creek",2023,7,14.5557603070891,9.40164411143097,5.15411619565812,TRUE,TRUE,2,2023-07-01
"Box Creek",2023,8,14.5699265246234,9.16702859508289,5.40289792954054,TRUE,TRUE,2,2023-08-01
"Box Creek",2023,9,14.5888028621466,9.85345514467814,4.73534771746846,FALSE,TRUE,1,2023-09-01
"Box Creek",2023,10,14.5604621608682,11.949420276959,2.61104188390919,FALSE,FALSE,0,2023-10-01
"Box Creek",2024,4,14.5290530028854,13.7352259920087,0.793827010876763,FALSE,FALSE,0,2024-04-01
"Box Creek",2024,5,14.5851499631302,13.8260040281977,0.759145934932511,FALSE,FALSE,0,2024-05-01
"Box Creek",2024,6,14.5430511939386,12.8726035823359,1.67044761160265,FALSE,FALSE,0,2024-06-01
"Box Creek",2024,7,14.4117025028483,12.5810218080101,1.83068069483815,FALSE,FALSE,0,2024-07-01
"Box Creek",2024,8,14.52884529216,12.3853180942413,2.14352719791867,FALSE,FALSE,0,2024-08-01
"Buffalo Fork",2021,4,14.6211386216317,-3.52402048832781,-5.85484089004054,TRUE,TRUE,2,2021-04-01
"Buffalo Fork",2021,5,15.0856189395056,-3.23705273684415,-5.67732832365023,TRUE,TRUE,2,2021-05-01
"Buffalo Fork",2021,8,14.4719687212607,-3.37825679042092,-6.1497744883184,TRUE,TRUE,2,2021-08-01
"Buffalo Fork",2021,9,14.5316764653844,-3.39883665074256,-6.06948688387305,TRUE,TRUE,2,2021-09-01
"Buffalo Fork",2021,10,14.6899899579082,-3.25689949150016,-6.05311055059163,TRUE,TRUE,2,2021-10-01
"Buffalo Fork",2022,4,14.6923181925684,-3.11618988722873,-6.19149192020292,TRUE,TRUE,2,2022-04-01
"Buffalo Fork",2022,5,14.8117469246369,-2.32273737840143,-5.8220374360921,TRUE,TRUE,2,2022-05-01
"Buffalo Fork",2022,6,14.8151694613411,-2.78399232452931,-6.40083821412963,TRUE,TRUE,2,2022-06-01
"Buffalo Fork",2022,7,14.5061566508785,-3.77845542239364,-5.71538792672789,TRUE,TRUE,2,2022-07-01
"Buffalo Fork",2022,8,14.6273899865005,-3.30919917406641,-6.06341083943305,TRUE,TRUE,2,2022-08-01
"Buffalo Fork",2022,9,14.6687665280465,-3.36488296099348,-5.96635051095998,TRUE,TRUE,2,2022-09-01
"Buffalo Fork",2022,10,14.3593477183473,-3.1140982256334,-5.56655405601928,TRUE,TRUE,2,2022-10-01
"Buffalo Fork",2023,4,14.6846038290331,0.024941692891616,-3.34033786385849,TRUE,TRUE,2,2023-04-01
"Buffalo Fork",2023,5,15.1519298757314,4.36039640676855,10.7915334689629,TRUE,TRUE,2,2023-05-01
"Buffalo Fork",2023,6,14.7851032623572,3.97991589405059,8.0359565990758,TRUE,TRUE,2,2023-06-01
"Buffalo Fork",2023,7,14.5570360536829,3.51039982866776,7.94986203146679,TRUE,TRUE,2,2023-07-01
"Buffalo Fork",2023,8,14.5770780848146,3.40848253240099,6.36859555241357,TRUE,TRUE,2,2023-08-01
"Buffalo Fork",2023,9,14.6130424139144,3.53865811823248,8.19438429568194,TRUE,TRUE,2,2023-09-01
"Buffalo Fork",2023,10,14.5986110949084,2.95382186365767,7.64478923125072,TRUE,TRUE,2,2023-10-01
"Buffalo Fork",2024,4,14.3593057794376,4.17778249926013,8.9815232801775,TRUE,TRUE,2,2024-04-01
"Buffalo Fork",2024,5,14.6070547122473,4.09242776352762,8.33280876690146,TRUE,TRUE,2,2024-05-01
"Buffalo Fork",2024,6,14.5291435829564,4.41810336523807,10.1110402177183,TRUE,TRUE,2,2024-06-01
"Cabin Creek",2020,6,14.5654868611936,12.1831157218943,2.3823711392993,FALSE,FALSE,0,2020-06-01
"Cabin Creek",2020,7,14.5710497823392,12.2497709326662,2.32127884967303,FALSE,FALSE,0,2020-07-01
"Cabin Creek",2020,8,14.4926999103088,12.5703713833699,1.92232852693888,FALSE,FALSE,0,2020-08-01
"Cabin Creek",2020,9,14.3674621879608,12.1934006850489,2.17406150291193,FALSE,FALSE,0,2020-09-01
"Cabin Creek",2020,10,14.452515646724,11.5911753402761,2.86134030644792,FALSE,FALSE,0,2020-10-01
"Cabin Creek",2021,5,14.8809819367502,13.5208471303143,1.36013480643585,FALSE,FALSE,0,2021-05-01
"Cabin Creek",2021,6,14.5349551060793,12.2216735034842,2.31328160259508,FALSE,FALSE,0,2021-06-01
"Cabin Creek",2021,7,14.4738016576256,12.5828084699316,1.89099318769398,FALSE,FALSE,0,2021-07-01
"Cabin Creek",2021,11,13.8921156190732,11.1607979491795,2.73131766989367,FALSE,FALSE,0,2021-11-01
"Cabin Creek",2022,3,14.8792385373709,12.1774394669351,2.70179907043581,FALSE,FALSE,0,2022-03-01
"Cabin Creek",2022,4,14.7878412848492,12.9336873157378,1.85415396911138,FALSE,FALSE,0,2022-04-01
"Cabin Creek",2022,5,14.8047664061367,13.4889152781609,1.31585112797575,FALSE,FALSE,0,2022-05-01
"Cabin Creek",2022,6,14.6867530855754,12.2786809379266,2.40807214764884,FALSE,FALSE,0,2022-06-01
"Cabin Creek",2022,7,14.435389251716,11.8651808829041,2.57020836881187,FALSE,FALSE,0,2022-07-01
"Cabin Creek",2022,8,14.533817289914,12.1299195071999,2.4038977827141,FALSE,FALSE,0,2022-08-01
"Cabin Creek",2022,9,14.5584499118345,11.5330180524046,3.02543185942985,FALSE,FALSE,0,2022-09-01
"Cabin Creek",2022,10,14.5070363878887,10.7974697594104,3.70956662847835,FALSE,TRUE,1,2022-10-01
"Cabin Creek",2023,3,14.5445569454237,11.3101155546476,3.2344413907761,FALSE,FALSE,0,2023-03-01
"Cabin Creek",2023,4,14.8925248193877,13.1794476918736,1.7130771275141,FALSE,FALSE,0,2023-04-01
"Cabin Creek",2023,5,15.1770897802711,14.3932383293224,0.783851450948731,FALSE,FALSE,0,2023-05-01
"Cabin Creek",2023,6,14.7435669846328,12.3908532467772,2.3527137378556,FALSE,FALSE,0,2023-06-01
"Cabin Creek",2023,7,14.513827649674,8.3959050915885,6.11792255808546,TRUE,TRUE,2,2023-07-01
"Cabin Creek",2023,8,14.4751187484445,8.58660839282379,5.8885103556207,TRUE,TRUE,2,2023-08-01
"Cabin Creek",2023,9,14.6301910482442,8.89306557514927,5.73712547309495,TRUE,TRUE,2,2023-09-01
"Cabin Creek",2023,10,14.8483491010152,10.6885959476368,4.15975315337846,FALSE,TRUE,1,2023-10-01
"Cabin Creek",2024,2,14.2762616152549,11.4029337415498,2.87332787370511,FALSE,FALSE,0,2024-02-01
"Cabin Creek",2024,3,14.4445202718958,12.4039531436886,2.04056712820714,FALSE,FALSE,0,2024-03-01
"Cabin Creek",2024,4,14.4715139078223,13.8897072785283,0.581806629294065,FALSE,FALSE,0,2024-04-01
"Cabin Creek",2024,5,14.7955553646524,13.7000868267157,1.09546853793673,FALSE,FALSE,0,2024-05-01
"Cabin Creek",2024,6,14.6705212251608,12.4127403971798,2.25778082798094,FALSE,FALSE,0,2024-06-01
"Cabin Creek",2024,7,14.3770362639684,11.7658427789262,2.61119348504224,FALSE,FALSE,0,2024-07-01
"Cabin Creek",2024,8,14.4349918012601,11.6572179641062,2.77777383715389,FALSE,FALSE,0,2024-08-01
"Cabin Creek",2024,9,14.447731616787,11.3500411981207,3.09769041866626,FALSE,FALSE,0,2024-09-01
"Christian Creek",2022,8,14.4104181543371,12.6826381122949,1.72778004204216,FALSE,FALSE,0,2022-08-01
"Christian Creek",2022,9,14.3958313701472,12.0268804120608,2.36895095808644,FALSE,FALSE,0,2022-09-01
"Christian Creek",2022,10,14.4375731652398,11.5546841684342,2.88288899680556,FALSE,FALSE,0,2022-10-01
"Christian Creek",2023,3,14.1525438961707,8.62476315315483,5.52778074301587,TRUE,TRUE,2,2023-03-01
"Christian Creek",2023,4,14.5728959572477,11.2054152447031,3.36748071254461,FALSE,FALSE,0,2023-04-01
"Christian Creek",2023,5,14.8111074686205,12.6594587092679,2.15164875935261,FALSE,FALSE,0,2023-05-01
"Christian Creek",2023,6,14.6460603490649,12.41483863887,2.2312217101949,FALSE,FALSE,0,2023-06-01
"Cliff Creek 1",2020,6,14.7327801896842,12.4776266526359,2.25515353704832,FALSE,FALSE,0,2020-06-01
"Cliff Creek 1",2020,7,14.6165466488138,12.0802200732347,2.53632657557913,FALSE,FALSE,0,2020-07-01
"Cliff Creek 1",2020,8,14.4541465667731,11.9743030472889,2.47984351948425,FALSE,FALSE,0,2020-08-01
"Cliff Creek 1",2020,9,14.3768278417972,11.9478280045184,2.42899983727884,FALSE,FALSE,0,2020-09-01
"Cliff Creek 1",2020,10,14.4608774575561,11.9189210011185,2.54195645643759,FALSE,FALSE,0,2020-10-01
"Cliff Creek 1",2021,5,14.9733772193746,12.0252165753684,2.94816064400616,FALSE,FALSE,0,2021-05-01
"Cliff Creek 1",2021,6,14.7331419553539,11.470295710235,3.26284624511882,FALSE,FALSE,0,2021-06-01
"Cliff Creek 1",2021,7,14.7148346445186,11.3346110162926,3.38022362822595,FALSE,FALSE,0,2021-07-01
"Cliff Creek 1",2021,8,14.530854332807,11.2702427639559,3.26061156885112,FALSE,FALSE,0,2021-08-01
"Cliff Creek 1",2021,9,14.496662882967,11.1331502468731,3.36351263609386,FALSE,FALSE,0,2021-09-01
"Cliff Creek 1",2021,10,14.5660553494084,11.3741001916165,3.19195515779192,FALSE,FALSE,0,2021-10-01
"Cliff Creek 1",2022,3,14.6766880447965,12.4559958264296,0.374538372213079,FALSE,FALSE,0,2022-03-01
"Cliff Creek 1",2022,4,14.4471299609742,13.4801688891323,0.96696107184192,FALSE,FALSE,0,2022-04-01
"Cliff Creek 1",2022,5,14.8838645778777,13.9682249469276,0.915639630950129,FALSE,FALSE,0,2022-05-01
"Cliff Creek 1",2022,6,14.7908516358114,13.5380249661422,1.25282666966925,FALSE,FALSE,0,2022-06-01
"Cliff Creek 1",2022,7,14.4983007101334,13.1752728932628,1.32302781687062,FALSE,FALSE,0,2022-07-01
"Cliff Creek 1",2022,8,14.6441098059427,13.5366959369406,1.10741386900218,FALSE,FALSE,0,2022-08-01
"Cliff Creek 1",2022,9,14.5249084681611,13.2937757846435,1.23113268351764,FALSE,FALSE,0,2022-09-01
"Cliff Creek 1",2022,10,14.6755303827023,13.299055214609,1.37647516809328,FALSE,FALSE,0,2022-10-01
"Cliff Creek 1",2023,4,14.8734605893481,13.366188736129,1.50727185321909,FALSE,FALSE,0,2023-04-01
"Cliff Creek 1",2023,5,15.1845165942558,13.7114291054328,1.47308748882301,FALSE,FALSE,0,2023-05-01
"Cliff Creek 1",2023,6,14.8970742985667,12.6370760323449,2.25999826622181,FALSE,FALSE,0,2023-06-01
"Cliff Creek 1",2023,7,14.6117131585338,12.0162944686764,2.59541868985742,FALSE,FALSE,0,2023-07-01
"Cliff Creek 1",2023,8,14.5509424330449,8.96257224770661,5.58837018533825,TRUE,TRUE,2,2023-08-01
"Cliff Creek 1",2023,9,14.8156910514951,8.88948351930072,5.92620753219433,TRUE,TRUE,2,2023-09-01
"Cliff Creek 1",2024,7,14.6194022935295,12.4285589353217,2.19084335820784,FALSE,FALSE,0,2024-07-01
"Cliff Creek 1",2024,8,14.5437391714108,12.4807458483074,2.06299332310339,FALSE,FALSE,0,2024-08-01
"Cliff Creek 1",2024,9,14.5095049546182,12.3925717269066,2.11693322771161,FALSE,FALSE,0,2024-09-01
"Cliff Creek 2",2021,8,14.5308543340554,12.3131019964859,2.21775233756948,FALSE,FALSE,0,2021-08-01
"Cliff Creek 2",2021,9,14.4966628844451,12.2076595614667,2.28900332297836,FALSE,FALSE,0,2021-09-01
"Cliff Creek 2",2021,10,14.5911600474064,12.3752373025712,2.2159227448352,FALSE,FALSE,0,2021-10-01
"Cliff Creek 2",2022,5,14.8968678634948,14.2117449966867,0.685122866808122,FALSE,FALSE,0,2022-05-01
"Cliff Creek 2",2022,6,14.7908516359784,13.8671632331189,0.923688402859411,FALSE,FALSE,0,2022-06-01
"Cliff Creek 2",2022,7,14.4983007097332,13.4547603202549,1.04354038947832,FALSE,FALSE,0,2022-07-01
"Cliff Creek 2",2022,8,14.6441098080806,13.6878042193216,0.95630558875895,FALSE,FALSE,0,2022-08-01
"Cliff Creek 2",2022,9,14.5249084674168,13.4618270416909,1.06308142572581,FALSE,FALSE,0,2022-09-01
"Cliff Creek 2",2022,10,14.6755303837996,13.5340023447854,1.14152803901424,FALSE,FALSE,0,2022-10-01
"Coburn Creek",2020,6,14.6534097837234,12.1473835908087,2.50602619291461,FALSE,FALSE,0,2020-06-01
"Coburn Creek",2020,7,14.4736845102568,11.0862505823475,3.38743392790927,FALSE,FALSE,0,2020-07-01
"Coburn Creek",2020,8,14.4347197889795,10.7957849754637,3.63893481351579,FALSE,TRUE,1,2020-08-01
"Coburn Creek",2020,9,14.3125507832927,10.7204714899079,3.59207929338478,FALSE,TRUE,1,2020-09-01
"Coburn Creek",2021,5,14.8753755590605,12.5331494535343,2.3422261055262,FALSE,FALSE,0,2021-05-01
"Coburn Creek",2021,6,14.4988182186871,12.0236607785706,2.47515744011654,FALSE,FALSE,0,2021-06-01
"Coburn Creek",2021,7,14.4181085576767,11.1986185679607,3.219489989716,FALSE,FALSE,0,2021-07-01
"Coburn Creek",2021,8,14.4194232298736,11.4999412689096,2.91948196096399,FALSE,FALSE,0,2021-08-01
"Coburn Creek",2021,9,14.5650514308728,10.7752473211743,3.78980410969848,FALSE,TRUE,1,2021-09-01
"Coburn Creek",2021,10,14.596528541214,11.9661159756149,2.63041256559906,FALSE,FALSE,0,2021-10-01
"Coburn Creek",2021,11,14.4454636728411,12.1968821477346,2.24858152510653,FALSE,FALSE,0,2021-11-01
"Coburn Creek",2022,4,14.644852297821,11.2105581801674,3.43429411765358,FALSE,FALSE,0,2022-04-01
"Coburn Creek",2022,5,14.936824862994,12.3121679370457,2.6246569259483,FALSE,FALSE,0,2022-05-01
"Coburn Creek",2022,6,14.6819800656685,11.9612641447943,2.72071592087423,FALSE,FALSE,0,2022-06-01
"Coburn Creek",2022,7,14.3754222684458,10.4188909203644,3.95653134808137,FALSE,TRUE,1,2022-07-01
"Coburn Creek",2022,8,14.5196543129067,9.66070889770306,4.85894541520366,FALSE,TRUE,1,2022-08-01
"Coburn Creek",2022,9,14.5235134539224,9.19848199406416,5.32503145985828,TRUE,TRUE,2,2022-09-01
"Coburn Creek",2022,10,14.4017281267751,10.3190310804051,4.08269704636998,FALSE,TRUE,1,2022-10-01
"Coburn Creek",2023,5,15.2329819142574,12.9536069041146,2.27937501014274,FALSE,FALSE,0,2023-05-01
"Coburn Creek",2023,6,14.6976107506752,12.0508610109571,2.64674973971804,FALSE,FALSE,0,2023-06-01
"Coburn Creek",2023,7,14.4952814391846,7.26676130155461,7.22852013762998,TRUE,TRUE,2,2023-07-01
"Coburn Creek",2023,8,14.3507579417233,7.13160077461715,7.21915716710617,TRUE,TRUE,2,2023-08-01
"Coburn Creek",2023,9,14.6063608144951,7.92052720771441,6.68583360678066,TRUE,TRUE,2,2023-09-01
"Coburn Creek",2023,10,14.6848348180055,10.9227039117259,3.76213090627957,FALSE,TRUE,1,2023-10-01
"Coburn Creek",2024,4,14.4566391580818,12.5593660200884,1.89727313799344,FALSE,FALSE,0,2024-04-01
"Coburn Creek",2024,5,14.7292921827512,12.5841661845184,2.14512599823275,FALSE,FALSE,0,2024-05-01
"Coburn Creek",2024,6,14.53331149491,12.3519450387498,2.18136645616014,FALSE,FALSE,0,2024-06-01
"Coburn Creek",2024,7,14.3584859672802,10.4167002154989,3.94178575178127,FALSE,TRUE,1,2024-07-01
"Coburn Creek",2024,8,14.3595218024012,10.1002505372015,4.2592712651997,FALSE,TRUE,1,2024-08-01
"Coburn Creek",2024,9,14.3838653006078,10.1917383893815,4.19212691122632,FALSE,TRUE,1,2024-09-01
"Cody Creek",2022,8,14.1932887693812,12.9971723567437,1.19611641263751,FALSE,FALSE,0,2022-08-01
"Cody Creek",2022,9,14.1825982079391,12.8611380980413,1.32146010989777,FALSE,FALSE,0,2022-09-01
"Cody Creek",2022,10,14.2410140742575,14.1410364370353,0.0999776372221891,FALSE,FALSE,0,2022-10-01
"Cody Creek",2022,11,13.5348313428431,13.2326475497157,0.302183793127336,FALSE,FALSE,0,2022-11-01
"Cody Creek",2023,2,14.0155530942253,11.9131488878152,2.10240420641012,FALSE,FALSE,0,2023-02-01
"Cody Creek",2023,3,14.0217812655391,12.765423044729,1.25635822081015,FALSE,FALSE,0,2023-03-01
"Cody Creek",2023,4,14.8303042858668,13.3859053464067,1.4443989394601,FALSE,FALSE,0,2023-04-01
"Cody Creek",2023,5,15.0402317353207,12.8277816404992,2.21245009482148,FALSE,FALSE,0,2023-05-01
"Cody Creek",2023,6,14.6369888332611,12.1650726453896,2.47191618787143,FALSE,FALSE,0,2023-06-01
"Corrall Creek",2021,9,14.6942038607629,-0.27163654844808,-9.03415959078903,TRUE,TRUE,2,2021-09-01
"Corrall Creek",2021,10,14.7118347063081,-0.216445327135426,-9.0717199665565,TRUE,TRUE,2,2021-10-01
"Corrall Creek",2022,4,12.8930315354649,0.190011958296406,-9.11516224101334,TRUE,TRUE,2,2022-04-01
"Corrall Creek",2022,5,14.6934310904408,0.0562842988512371,-9.36285320841042,TRUE,TRUE,2,2022-05-01
"Corrall Creek",2022,6,15.0770258120283,2.35899353015727,-4.1708566070179,TRUE,TRUE,2,2022-06-01
"Corrall Creek",2022,7,14.8429287984614,6.51638198223015,8.32654681623129,TRUE,TRUE,2,2022-07-01
"Corrall Creek",2022,8,15.0102114091477,6.49423799010559,8.51597341904215,TRUE,TRUE,2,2022-08-01
"Corrall Creek",2022,9,14.9827479129627,6.23120329282405,8.75154462013869,TRUE,TRUE,2,2022-09-01
"Corrall Creek",2022,10,14.6290460838741,6.18486801398293,8.44417806989114,TRUE,TRUE,2,2022-10-01
"Corrall Creek",2023,4,14.8997834747869,6.25480279488315,8.64498067990374,TRUE,TRUE,2,2023-04-01
"Corrall Creek",2023,5,15.4332111287201,7.7029549991666,7.7302561295535,TRUE,TRUE,2,2023-05-01
"Corrall Creek",2023,6,15.3220848997898,7.56723420254031,7.75485069724949,TRUE,TRUE,2,2023-06-01
"Corrall Creek",2023,7,14.9214140784279,6.58822209450443,8.33319198392346,TRUE,TRUE,2,2023-07-01
"Corrall Creek",2023,8,14.8483324411949,6.62016731873819,8.22816512245672,TRUE,TRUE,2,2023-08-01
"Corrall Creek",2023,9,15.1540472373585,6.78922167792801,8.36482555943047,TRUE,TRUE,2,2023-09-01
"Corrall Creek",2023,10,15.011469734524,6.62377220859193,8.38769752593209,TRUE,TRUE,2,2023-10-01
"Corrall Creek",2024,3,14.5805519511144,6.43892830770346,8.14162364341095,TRUE,TRUE,2,2024-03-01
"Corrall Creek",2024,4,14.8654498363528,7.50281473624136,7.36263510011148,TRUE,TRUE,2,2024-04-01
"Corrall Creek",2024,5,14.5112536285438,7.45740979858551,7.05384382995827,TRUE,TRUE,2,2024-05-01
"Corrall Creek",2024,6,15.3183189239346,7.90099448645948,7.41732443747511,TRUE,TRUE,2,2024-06-01
"Cottonwood Creek 1",2020,8,14.1857486885816,13.4369139565904,0.748834731991145,FALSE,FALSE,0,2020-08-01
"Cottonwood Creek 1",2020,9,14.1730638585712,14.0874894278028,0.0855744307684319,FALSE,FALSE,0,2020-09-01
"Cottonwood Creek 2",2022,4,13.9624337643756,14.4192811276525,-0.456847363276944,FALSE,FALSE,0,2022-04-01
"Cottonwood Creek 2",2022,5,14.4555248160018,13.8438200857886,0.611704730213177,FALSE,FALSE,0,2022-05-01
"Cottonwood Creek 2",2022,6,14.6946600489464,13.4895203102576,1.20513973868887,FALSE,FALSE,0,2022-06-01
"Cottonwood Creek 2",2022,7,14.2578854150216,13.3721294917138,0.88575592330773,FALSE,FALSE,0,2022-07-01
"Cottonwood Creek 2",2022,8,14.3501453084386,13.051631680216,1.29851362822259,FALSE,FALSE,0,2022-08-01
"Cottonwood Creek 2",2022,9,14.1698433968544,14.0457215833349,0.124121813519588,FALSE,FALSE,0,2022-09-01
"Cottonwood Creek 2",2023,3,14.3133056916282,10.7028248435552,3.61048084807293,FALSE,TRUE,1,2023-03-01
"Cottonwood Creek 2",2023,4,14.8840897177318,11.3390858534902,3.54500386424167,FALSE,TRUE,1,2023-04-01
"Cottonwood Creek 2",2023,5,14.8362123907718,10.046581169359,4.78963122141287,FALSE,TRUE,1,2023-05-01
"Cottonwood Creek 2",2023,6,14.6112516899237,10.5147113646085,4.09654032531516,FALSE,TRUE,1,2023-06-01
"Cottonwood Creek 2",2023,7,14.4253076174902,9.9710048254679,4.45430279202226,FALSE,TRUE,1,2023-07-01
"Cottonwood Creek 2",2023,8,14.4178849020803,9.68382789684443,4.73405700523582,FALSE,TRUE,1,2023-08-01
"Cottonwood Creek 3",2021,6,14.4695847479077,13.4231045087183,1.04648023918936,FALSE,FALSE,0,2021-06-01
"Cottonwood Creek 3",2021,7,14.4167226075427,13.0174131699277,1.39930943761505,FALSE,FALSE,0,2021-07-01
"Cottonwood Creek 3",2021,8,14.4204815497684,12.7752450676647,1.64523648210373,FALSE,FALSE,0,2021-08-01
"Cottonwood Creek 3",2021,9,14.5914669950104,13.6470098309384,0.944457164071964,FALSE,FALSE,0,2021-09-01
"Cottonwood Creek 4",2020,6,14.5097512338551,13.6826936074219,0.827057626433212,FALSE,FALSE,0,2020-06-01
"Cottonwood Creek 4",2020,7,14.3889755507539,13.4601416356435,0.928833915110378,FALSE,FALSE,0,2020-07-01
"Cottonwood Creek 4",2020,8,14.2905427470134,12.514691361489,1.77585138552444,FALSE,FALSE,0,2020-08-01
"Cottonwood Creek 4",2020,9,14.2388100200608,11.2398968124517,2.99891320760916,FALSE,FALSE,0,2020-09-01
"Cottonwood Creek 4",2021,5,14.780298943608,13.8399670637782,0.940331879829802,FALSE,FALSE,0,2021-05-01
"Cottonwood Creek 4",2021,6,14.466615790888,13.7477368123648,0.718878978523135,FALSE,FALSE,0,2021-06-01
"Cottonwood Creek 4",2021,7,14.4165854423105,13.3242996343207,1.09228580798975,FALSE,FALSE,0,2021-07-01
"Cottonwood Creek 4",2021,8,14.4674626963899,12.652435021082,1.81502767530787,FALSE,FALSE,0,2021-08-01
"Cottonwood Creek 4",2021,9,14.5853706808505,11.630867067939,2.9545036129115,FALSE,FALSE,0,2021-09-01
"Cottonwood Creek 4",2021,10,14.4358509704488,11.4363680600041,2.99948291044471,FALSE,FALSE,0,2021-10-01
"Cottonwood Creek 4",2021,11,13.9669609803107,11.2586675597773,2.70829342053342,FALSE,FALSE,0,2021-11-01
"Cottonwood Creek 4",2022,6,14.657239150323,13.8627901878612,0.794448962461831,FALSE,FALSE,0,2022-06-01
"Cottonwood Creek 4",2022,7,14.2407563269512,13.726056366539,0.514699960412165,FALSE,FALSE,0,2022-07-01
"Cottonwood Creek 4",2022,8,14.3501453074741,13.005099721382,1.34504558609211,FALSE,FALSE,0,2022-08-01
"Cottonwood Creek 4",2022,9,14.3157729024519,11.7752214525353,2.54055144991665,FALSE,FALSE,0,2022-09-01
"Cottonwood Creek 4",2022,10,14.3353008454247,11.1648576427896,3.1704432026351,FALSE,FALSE,0,2022-10-01
"Cottonwood Creek 4",2023,5,14.9103570465965,13.7639204595967,1.14643658699976,FALSE,FALSE,0,2023-05-01
"Cottonwood Creek 4",2023,6,14.4699059044863,13.9258705493159,0.54403535517041,FALSE,FALSE,0,2023-06-01
"Crane Creek",2022,8,14.1939281853629,13.1626179709349,1.03131021442799,FALSE,FALSE,0,2022-08-01
"Crane Creek",2022,9,14.2246435468817,12.5503702581979,1.67427328868381,FALSE,FALSE,0,2022-09-01
"Crane Creek",2022,10,14.5678720110808,11.6901791371143,2.87769287396643,FALSE,FALSE,0,2022-10-01
"Crane Creek",2022,11,13.7770535960352,11.5821652435543,2.19488835248086,FALSE,FALSE,0,2022-11-01
"Crane Creek",2023,2,13.9604563857703,11.4186499032582,2.5418064825121,FALSE,FALSE,0,2023-02-01
"Crane Creek",2023,3,14.1217911399686,11.284526241739,2.83726489822958,FALSE,FALSE,0,2023-03-01
"Crane Creek",2023,4,14.8212419652607,11.6612684051002,3.15997356016047,FALSE,FALSE,0,2023-04-01
"Crane Creek",2023,5,15.0403604491249,11.9678843096348,3.0724761394901,FALSE,FALSE,0,2023-05-01
"Crane Creek",2023,6,14.7403445016724,12.6501170927151,2.09022740895733,FALSE,FALSE,0,2023-06-01
"Crystal Creek 1",2020,8,14.4585428356158,12.5430713330571,1.91547150255878,FALSE,FALSE,0,2020-08-01
"Crystal Creek 1",2020,9,14.2599614993852,12.3530598019544,1.90690169743084,FALSE,FALSE,0,2020-09-01
"Crystal Creek 1",2020,10,14.420603569439,12.274589289172,2.14601428026697,FALSE,FALSE,0,2020-10-01
"Crystal Creek 1",2021,7,14.6039317536243,13.9796466997215,0.624285053902768,FALSE,FALSE,0,2021-07-01
"Crystal Creek 1",2021,8,14.5217384305598,13.7341111481876,0.787627282372182,FALSE,FALSE,0,2021-08-01
"Crystal Creek 1",2021,9,14.5181806637556,13.3015378540771,1.21664280967855,FALSE,FALSE,0,2021-09-01
"Crystal Creek 1",2021,10,14.4784775707991,13.134051006735,1.34442656406409,FALSE,FALSE,0,2021-10-01
"Crystal Creek 1",2021,11,14.0956902675351,12.2939482868872,1.80174198064783,FALSE,FALSE,0,2021-11-01
"Crystal Creek 1",2022,3,14.4745909016364,12.6323313695946,1.84225953204174,FALSE,FALSE,0,2022-03-01
"Crystal Creek 1",2022,4,14.1954654807486,12.6768404531155,1.51862502763318,FALSE,FALSE,0,2022-04-01
"Crystal Creek 1",2022,5,14.5739860860016,12.7723763230599,1.80160976294175,FALSE,FALSE,0,2022-05-01
"Crystal Creek 1",2022,6,14.7028945996677,12.5109827598569,2.19191183981072,FALSE,FALSE,0,2022-06-01
"Crystal Creek 1",2022,7,14.4294761449485,12.9573245980708,1.47215154687765,FALSE,FALSE,0,2022-07-01
"Crystal Creek 1",2022,8,14.5989664880318,14.0872803601303,0.511686127901495,FALSE,FALSE,0,2022-08-01
"Crystal Creek 1",2022,9,14.5717239251375,13.5294919084619,1.0422320166756,FALSE,FALSE,0,2022-09-01
"Crystal Creek 1",2022,10,14.5116613319779,13.1566932833749,1.35496804860297,FALSE,FALSE,0,2022-10-01
"Crystal Creek 1",2023,3,14.4690986472061,13.033074693833,1.43602395337309,FALSE,FALSE,0,2023-03-01
"Crystal Creek 1",2023,4,14.8363195743753,12.7757775646729,2.06054200970236,FALSE,FALSE,0,2023-04-01
"Crystal Creek 1",2023,5,15.1336326527605,12.901914438135,2.23171821462546,FALSE,FALSE,0,2023-05-01
"Crystal Creek 1",2023,6,14.7392323011743,12.4822538522358,2.25697844893856,FALSE,FALSE,0,2023-06-01
"Crystal Creek 1",2023,7,14.5622301114651,9.98806813152401,4.5741619799411,FALSE,TRUE,1,2023-07-01
"Crystal Creek 1",2023,8,14.5121809180901,9.80372383143984,4.70845708665022,FALSE,TRUE,1,2023-08-01
"Crystal Creek 1",2023,9,14.6950321186879,10.1937144871655,4.50131763152241,FALSE,TRUE,1,2023-09-01
"Crystal Creek 1",2023,10,13.8715716814319,12.8791226146627,2.03592732763884,FALSE,FALSE,0,2023-10-01
"Crystal Creek 1",2023,11,14.5652546113934,12.4451347128245,2.12011989856894,FALSE,FALSE,0,2023-11-01
"Crystal Creek 1",2024,2,13.8003985958408,12.4429025957361,1.35749600010473,FALSE,FALSE,0,2024-02-01
"Crystal Creek 1",2024,3,14.1209670874293,12.4899089442485,1.63105814318079,FALSE,FALSE,0,2024-03-01
"Crystal Creek 1",2024,4,14.4049836179966,12.8727341447758,1.53224947322077,FALSE,FALSE,0,2024-04-01
"Crystal Creek 1",2024,5,14.6879764953655,13.1343000905978,1.55367640476773,FALSE,FALSE,0,2024-05-01
"Crystal Creek 1",2024,6,14.5088923834837,12.7879028602117,1.72098952327201,FALSE,FALSE,0,2024-06-01
"Crystal Creek 1",2024,7,14.3738495013627,13.0971927557386,1.27665674562402,FALSE,FALSE,0,2024-07-01
"Crystal Creek 1",2024,8,14.3514419579416,12.7911604154715,1.56028154247008,FALSE,FALSE,0,2024-08-01
"Crystal Creek 1",2024,9,14.5354771446712,12.5142888090023,2.02118833566895,FALSE,FALSE,0,2024-09-01
"Crystal Creek 2",2021,8,14.5561544499018,12.9182355458599,1.63791890404191,FALSE,FALSE,0,2021-08-01
"Crystal Creek 2",2021,9,14.5182563627947,12.6258745258479,1.89238183694687,FALSE,FALSE,0,2021-09-01
"Crystal Creek 2",2021,10,14.4763230221962,12.8203476425387,1.65597537965747,FALSE,FALSE,0,2021-10-01
"Crystal Creek 2",2021,11,14.0953391457961,12.6306323964539,1.46470674934218,FALSE,FALSE,0,2021-11-01
"Crystal Creek 2",2022,3,14.4809123403285,12.9816090534311,1.49930328689745,FALSE,FALSE,0,2022-03-01
"Crystal Creek 2",2022,4,14.1965262872031,12.9550164877086,1.24150979949449,FALSE,FALSE,0,2022-04-01
"Crystal Creek 2",2022,5,14.5747610202448,13.0909345139419,1.48382650630293,FALSE,FALSE,0,2022-05-01
"Crystal Creek 2",2022,6,14.7020781198313,12.7177306412205,1.98434747861087,FALSE,FALSE,0,2022-06-01
"Crystal Creek 2",2022,7,14.4317176646392,13.0199313090546,1.4117863555846,FALSE,FALSE,0,2022-07-01
"Crystal Creek 2",2022,8,14.5989887042288,13.2672913135046,1.33169739072419,FALSE,FALSE,0,2022-08-01
"Crystal Creek 2",2022,9,14.5727459988114,12.8693099132817,1.70343608552965,FALSE,FALSE,0,2022-09-01
"Crystal Creek 2",2022,10,14.5102685444411,12.760189455792,1.75007908864909,FALSE,FALSE,0,2022-10-01
"Crystal Creek 2",2023,3,14.2484226469726,13.4304796204979,0.817943026474632,FALSE,FALSE,0,2023-03-01
"Crystal Creek 2",2023,4,14.8360375398073,12.9172462236827,1.91879131612456,FALSE,FALSE,0,2023-04-01
"Crystal Creek 2",2023,5,15.1351901429021,13.0331694698945,2.10202067300757,FALSE,FALSE,0,2023-05-01
"Crystal Creek 2",2023,6,14.7425319441821,12.5318547392321,2.21067720495005,FALSE,FALSE,0,2023-06-01
"Deadman's Bar Spring Creek 1",2021,5,14.788536517201,13.0980581709149,1.6904783462861,FALSE,FALSE,0,2021-05-01
"Deadman's Bar Spring Creek 1",2021,6,14.5552833475877,12.6358895153231,1.91939383226453,FALSE,FALSE,0,2021-06-01
"Deadman's Bar Spring Creek 1",2021,7,14.6070000262384,11.86476516449,2.74223486174845,FALSE,FALSE,0,2021-07-01
"Deadman's Bar Spring Creek 1",2021,8,14.4992754284142,11.6334392956494,2.86583613276479,FALSE,FALSE,0,2021-08-01
"Deadman's Bar Spring Creek 1",2021,9,14.4571895852408,11.0940533541718,3.36313623106895,FALSE,FALSE,0,2021-09-01
"Deadman's Bar Spring Creek 1",2021,10,14.3895299254975,11.2445219857834,3.14500793971413,FALSE,FALSE,0,2021-10-01
"Deadman's Bar Spring Creek 1",2021,11,13.8270385691755,11.7553180165403,2.07172055263524,FALSE,FALSE,0,2021-11-01
"Deadman's Bar Spring Creek 1",2022,3,14.2776807786142,12.3319535246516,1.94572725396256,FALSE,FALSE,0,2022-03-01
"Deadman's Bar Spring Creek 1",2022,4,14.2679652113475,12.7626184129839,1.50534679836358,FALSE,FALSE,0,2022-04-01
"Deadman's Bar Spring Creek 1",2022,5,14.6669337399949,12.9702150093609,1.69671873063404,FALSE,FALSE,0,2022-05-01
"Deadman's Bar Spring Creek 1",2022,6,14.5907060995909,12.8413594573514,1.74934664223947,FALSE,FALSE,0,2022-06-01
"Deadman's Bar Spring Creek 1",2022,7,14.4670039432287,12.1973364990924,2.26966744413634,FALSE,FALSE,0,2022-07-01
"Deadman's Bar Spring Creek 1",2022,8,14.5192767761772,12.8565331357536,1.66274364042356,FALSE,FALSE,0,2022-08-01
"Deadman's Bar Spring Creek 1",2022,9,14.5272251610593,12.3938057155055,2.13341944555384,FALSE,FALSE,0,2022-09-01
"Deadman's Bar Spring Creek 1",2022,10,14.3243207012572,11.5653250711109,2.75899563014626,FALSE,FALSE,0,2022-10-01
"Deadman's Bar Spring Creek 1",2023,4,14.5571951567575,11.9026982447,2.65449691205754,FALSE,FALSE,0,2023-04-01
"Deadman's Bar Spring Creek 1",2023,5,14.9617274052324,10.9156022252182,4.04612518001417,FALSE,TRUE,1,2023-05-01
"Deadman's Bar Spring Creek 1",2023,6,14.6812304609269,11.1079574027592,3.5732730581677,FALSE,TRUE,1,2023-06-01
"Deadman's Bar Spring Creek 1",2023,7,14.4790138923378,8.41830135512168,6.06071253721614,TRUE,TRUE,2,2023-07-01
"Deadman's Bar Spring Creek 1",2023,8,14.5198266441745,7.99313636542946,6.52669027874504,TRUE,TRUE,2,2023-08-01
"Deadman's Bar Spring Creek 1",2023,9,14.5044386006141,8.69054745036477,5.81389115024934,TRUE,TRUE,2,2023-09-01
"Deadman's Bar Spring Creek 1",2023,10,14.4130663029833,10.7161842175044,3.69688208547897,FALSE,TRUE,1,2023-10-01
"Deadman's Bar Spring Creek 1",2023,11,14.5015267454082,11.3663522672325,3.13517447817573,FALSE,FALSE,0,2023-11-01
"Deadman's Bar Spring Creek 1",2024,3,13.8819717596794,12.7248666687102,1.15710509096915,FALSE,FALSE,0,2024-03-01
"Deadman's Bar Spring Creek 1",2024,4,14.2643645406233,12.1026951270143,2.161669413609,FALSE,FALSE,0,2024-04-01
"Deadman's Bar Spring Creek 1",2024,5,14.4758389031918,12.3526288829214,2.12321002027042,FALSE,FALSE,0,2024-05-01
"Deadman's Bar Spring Creek 1",2024,6,14.4448773581932,12.2354025493369,2.20947480885637,FALSE,FALSE,0,2024-06-01
"Deadman's Bar Spring Creek 1",2024,7,14.3455384003503,11.7147968981731,2.63074150217728,FALSE,FALSE,0,2024-07-01
"Deadman's Bar Spring Creek 1",2024,8,14.4234312021467,11.2362017729802,3.18722942916656,FALSE,FALSE,0,2024-08-01
"Deadman's Bar Spring Creek 1",2024,9,14.439847316632,11.0980119130862,3.34183540354586,FALSE,FALSE,0,2024-09-01
"Deadman's Bar Spring Creek 2",2021,8,14.494264066848,13.2304740691234,1.26378999772463,FALSE,FALSE,0,2021-08-01
"Deadman's Bar Spring Creek 2",2021,9,14.4441931614015,13.0593738379653,1.38481932343625,FALSE,FALSE,0,2021-09-01
"Dell Creek",2021,5,15.0796954648448,12.3302454688391,2.7494499960057,FALSE,FALSE,0,2021-05-01
"Dell Creek",2021,6,14.7132975276342,11.9515434819747,2.76175404565953,FALSE,FALSE,0,2021-06-01
"Dell Creek",2021,7,14.574302355287,12.134315484749,2.43998687053801,FALSE,FALSE,0,2021-07-01
"Dell Creek",2021,8,14.5001209983,12.1574969022648,2.34262409603512,FALSE,FALSE,0,2021-08-01
"Dell Creek",2021,9,14.6157376654738,12.1942029123629,2.42153475311091,FALSE,FALSE,0,2021-09-01
"Dell Creek",2021,10,14.7098313581365,12.2714919240028,2.43833943413364,FALSE,FALSE,0,2021-10-01
"Dell Creek",2021,11,14.006736547608,12.4648645158505,1.54187203175755,FALSE,FALSE,0,2021-11-01
"Dell Creek",2022,3,14.6758000827169,13.0243973005304,1.65140278218648,FALSE,FALSE,0,2022-03-01
"Dell Creek",2022,4,14.4374997659054,12.5345261918071,1.90297357409822,FALSE,FALSE,0,2022-04-01
"Dell Creek",2022,5,14.7429737306402,11.7782346810998,2.96473904954042,FALSE,FALSE,0,2022-05-01
"Dell Creek",2022,6,14.8172286163194,11.8197251205326,2.99750349578678,FALSE,FALSE,0,2022-06-01
"Dell Creek",2022,7,14.4953294490448,12.1880402891267,2.30728915991809,FALSE,FALSE,0,2022-07-01
"Dell Creek",2022,8,14.6266161281868,12.3141986768995,2.31241745128734,FALSE,FALSE,0,2022-08-01
"Dell Creek",2022,9,14.6103264284095,12.3372404231988,2.27308600521069,FALSE,FALSE,0,2022-09-01
"Dell Creek",2022,10,14.5808343323486,12.110242700917,2.47059163143163,FALSE,FALSE,0,2022-10-01
"Dell Creek",2023,4,14.8281732588676,12.5156695458941,2.31250371297347,FALSE,FALSE,0,2023-04-01
"Dell Creek",2023,5,15.1764063470291,12.2434621944001,2.93294415262897,FALSE,FALSE,0,2023-05-01
"Dell Creek",2023,6,14.7509814688486,11.9911720086633,2.75980946018538,FALSE,FALSE,0,2023-06-01
"Dell Creek",2023,7,14.7316708030356,11.5553361243027,3.17633467873291,FALSE,FALSE,0,2023-07-01
"Dell Creek",2023,8,14.6415850798025,8.70867644309196,5.93290863671055,TRUE,TRUE,2,2023-08-01
"Dell Creek",2023,9,14.7474935593477,9.45675327327179,5.29074028607586,TRUE,TRUE,2,2023-09-01
"Dell Creek",2023,10,14.9403340195021,11.8199832480269,3.12035077147522,FALSE,FALSE,0,2023-10-01
"Dell Creek",2023,11,14.6213016666987,12.6781709061948,1.94313076050391,FALSE,FALSE,0,2023-11-01
"Dell Creek",2024,2,14.4968758433828,13.8283213371162,0.668554506266584,FALSE,FALSE,0,2024-02-01
"Dell Creek",2024,3,14.2253756149003,12.7316877015104,1.49368791338988,FALSE,FALSE,0,2024-03-01
"Dell Creek",2024,4,14.3835414650145,12.194665387813,2.18887607720148,FALSE,FALSE,0,2024-04-01
"Dell Creek",2024,5,14.6613824709781,11.8552545240289,2.80612794694917,FALSE,FALSE,0,2024-05-01
"Dell Creek",2024,6,14.7886776276978,11.9528050992416,2.83587252845621,FALSE,FALSE,0,2024-06-01
"Dell Creek",2024,7,14.5711304180576,11.6628813766555,2.90824904140205,FALSE,FALSE,0,2024-07-01
"Dell Creek",2024,8,14.5876894993618,12.5745445909556,2.01314490840618,FALSE,FALSE,0,2024-08-01
"Dell Creek",2024,9,14.6733219027701,12.6095858909787,2.06373601179145,FALSE,FALSE,0,2024-09-01
"Ditch Creek 1",2020,6,14.7398006146032,15.2394763254785,-0.499675710875342,FALSE,FALSE,0,2020-06-01
"Ditch Creek 1",2020,7,14.5487490432326,16.0550446803526,-1.50629563712002,FALSE,TRUE,1,2020-07-01
"Ditch Creek 2",2021,7,14.3996756735037,13.3229785527467,1.07669712075699,FALSE,FALSE,0,2021-07-01
"Ditch Creek 2",2021,8,14.4697276394314,13.2743494800212,1.19537815941021,FALSE,FALSE,0,2021-08-01
"Ditch Creek 2",2021,9,14.5554462999167,13.1380641830318,1.41738211688486,FALSE,FALSE,0,2021-09-01
"Ditch Creek 2",2021,10,14.4346064176982,12.7359887429097,1.6986176747885,FALSE,FALSE,0,2021-10-01
"Ditch Creek 2",2022,4,14.2619959241986,12.780778984596,1.4812169396025,FALSE,FALSE,0,2022-04-01
"Ditch Creek 2",2022,5,14.4842398207342,12.8074540071529,1.67678581358132,FALSE,FALSE,0,2022-05-01
"Ditch Creek 2",2022,6,14.6731143188005,11.8448673674792,2.82824695132126,FALSE,FALSE,0,2022-06-01
"Ditch Creek 2",2022,7,14.2658452546473,12.4806380313483,1.7852072232991,FALSE,FALSE,0,2022-07-01
"Ditch Creek 2",2022,8,14.3493261157702,13.3304355217785,1.01889059399176,FALSE,FALSE,0,2022-08-01
"Ditch Creek 2",2022,9,14.3165979341959,13.0962110740956,1.22038686010031,FALSE,FALSE,0,2022-09-01
"Ditch Creek 2",2022,10,14.2638672915365,13.0015051890814,1.26236210245518,FALSE,FALSE,0,2022-10-01
"Ditch Creek 2",2023,7,14.4260833630243,8.8417930285864,5.58429033443786,TRUE,TRUE,2,2023-07-01
"Ditch Creek 2",2023,8,14.4601081699898,8.78061125774825,5.67949691224154,TRUE,TRUE,2,2023-08-01
"Ditch Creek 2",2023,9,14.5916525531462,9.54180885574653,5.04984369739967,TRUE,TRUE,2,2023-09-01
"Ditch Creek 2",2023,10,14.526265616723,11.8574897830216,2.66877583370137,FALSE,FALSE,0,2023-10-01
"Ditch Creek 2",2024,4,14.201228477106,13.6477712229699,0.553457254136101,FALSE,FALSE,0,2024-04-01
"Ditch Creek 2",2024,5,14.5205681216211,13.1417330656121,1.37883505600903,FALSE,FALSE,0,2024-05-01
"Ditch Creek 2",2024,6,14.4929994177468,12.2671595612631,2.22583985648368,FALSE,FALSE,0,2024-06-01
"Ditch Creek 2",2024,7,14.3303955899413,12.2217650298967,2.10863056004464,FALSE,FALSE,0,2024-07-01
"Ditch Creek 2",2024,8,14.1977360905792,12.0964463820725,2.1012897085067,FALSE,FALSE,0,2024-08-01
"Dog Creek",2020,6,14.5681378954893,13.1496735027563,1.41846439273304,FALSE,FALSE,0,2020-06-01
"Dog Creek",2020,7,14.5693125275779,12.3027352376804,2.26657728989755,FALSE,FALSE,0,2020-07-01
"Dog Creek",2020,8,14.4918313144115,11.8500889226219,2.64174239178962,FALSE,FALSE,0,2020-08-01
"Dog Creek",2020,9,14.3659560338207,11.1606628769635,3.20529315685727,FALSE,FALSE,0,2020-09-01
"Dog Creek",2020,10,14.4527421577802,10.5732462703992,3.87949588738102,FALSE,TRUE,1,2020-10-01
"Dog Creek",2021,5,14.8815116497809,13.3784009979341,1.50311065184684,FALSE,FALSE,0,2021-05-01
"Dog Creek",2021,6,14.5363151353064,12.5348298055491,2.00148532975725,FALSE,FALSE,0,2021-06-01
"Dog Creek",2021,7,14.4747869147261,11.5964405090438,2.87834640568227,FALSE,FALSE,0,2021-07-01
"Dog Creek",2021,8,14.481244633639,11.0480921967609,3.43315243687809,FALSE,FALSE,0,2021-08-01
"Dog Creek",2021,9,14.6759223614129,10.3650292070088,4.31089315440409,FALSE,TRUE,1,2021-09-01
"Dog Creek",2021,10,14.6609417682311,10.1717410501152,4.48920071811589,FALSE,TRUE,1,2021-10-01
"Dog Creek",2022,3,14.8418784765708,12.46855887807,2.3733195985008,FALSE,FALSE,0,2022-03-01
"Dog Creek",2022,4,14.7991844715066,12.8392078379392,1.95997663356747,FALSE,FALSE,0,2022-04-01
"Dog Creek",2022,5,14.8779083091395,13.4478510930493,1.43005721609017,FALSE,FALSE,0,2022-05-01
"Dog Creek",2022,6,14.7440840747217,12.9879853614863,1.75609871323531,FALSE,FALSE,0,2022-06-01
"Dog Creek",2022,7,14.438518682337,11.78795952104,2.65055916129705,FALSE,FALSE,0,2022-07-01
"Dog Creek",2022,8,14.5324837162102,11.8113022830909,2.72118143311931,FALSE,FALSE,0,2022-08-01
"Dog Creek",2022,9,14.5581648535661,11.4962433411505,3.06192151241564,FALSE,FALSE,0,2022-09-01
"Dog Creek",2022,10,14.4697259733886,11.2800990656552,3.18962690773339,FALSE,FALSE,0,2022-10-01
"Dog Creek",2023,4,14.8933647640298,13.233029828511,1.66033493551884,FALSE,FALSE,0,2023-04-01
"Dog Creek",2023,5,15.1612078919692,12.878930559016,2.28227733295319,FALSE,FALSE,0,2023-05-01
"Dog Creek",2023,6,14.7439669191689,11.8383487476865,2.90561817148238,FALSE,FALSE,0,2023-06-01
"Dog Creek",2023,7,14.5157252707184,8.71398054641895,5.80174472429942,TRUE,TRUE,2,2023-07-01
"Dog Creek",2023,8,14.4860578432955,8.78621076173315,5.69984708156237,TRUE,TRUE,2,2023-08-01
"Dog Creek",2023,9,14.623527140675,10.2872910148798,4.33623612579518,FALSE,TRUE,1,2023-09-01
"Dog Creek",2023,10,14.8231327412316,12.4883190282927,2.3348137129389,FALSE,FALSE,0,2023-10-01
"Dog Creek",2024,4,14.4683414679623,12.9693224261135,1.49901904184883,FALSE,FALSE,0,2024-04-01
"Dog Creek",2024,5,14.7970641484755,13.1511142770626,1.64594987141293,FALSE,FALSE,0,2024-05-01
"Dog Creek",2024,6,14.6205667255377,12.2251903895797,2.39537633595792,FALSE,FALSE,0,2024-06-01
"Dog Creek",2024,7,14.3790548254348,11.7829332162214,2.59612160921336,FALSE,FALSE,0,2024-07-01
"Dog Creek",2024,8,14.4342819468188,12.4078844521667,2.02639749465215,FALSE,FALSE,0,2024-08-01
"Dog Creek",2024,9,14.4441124608772,12.7369192535156,1.70719320736163,FALSE,FALSE,0,2024-09-01
"Fall Creek 1",2016,7,14.1752837415889,-1.82337136454828,-8.00134489386284,TRUE,TRUE,2,2016-07-01
"Fall Creek 1",2016,8,14.2310409613448,-1.78462188824805,-7.98433715040719,TRUE,TRUE,2,2016-08-01
"Fall Creek 1",2016,9,13.989411910136,-1.65604123570652,-8.35454685415748,TRUE,TRUE,2,2016-09-01
"Fall Creek 1",2016,10,14.0425076389604,-1.76433211789246,-8.19316024314718,TRUE,TRUE,2,2016-10-01
"Fall Creek 1",2020,7,14.3894718421092,-1.9481007250325,-7.66242743285832,TRUE,TRUE,2,2020-07-01
"Fall Creek 1",2020,8,14.4347197875614,-1.19400801784829,-8.37127219459029,TRUE,TRUE,2,2020-08-01
"Fall Creek 1",2020,9,14.3015077576873,-1.21240120742534,-8.48609103488734,TRUE,TRUE,2,2020-09-01
"Fall Creek 1",2020,10,14.2859530219939,-1.03118177692869,-8.68286520107741,TRUE,TRUE,2,2020-10-01
"Fall Creek 1",2021,4,14.6806194075006,-1.27281274416587,-8.0465678483335,TRUE,TRUE,2,2021-04-01
"Fall Creek 1",2021,5,14.8905192877526,-2.76855949827101,-6.34092121397639,TRUE,TRUE,2,2021-05-01
"Fall Creek 1",2021,6,14.498818219478,-2.55054927595066,-6.95063250457138,TRUE,TRUE,2,2021-06-01
"Fall Creek 1",2021,7,14.3667962805945,-1.07907749958668,-8.55412621981881,TRUE,TRUE,2,2021-07-01
"Fall Creek 1",2021,8,14.4777867368179,-0.457275726530013,-9.06493753665211,TRUE,TRUE,2,2021-08-01
"Fall Creek 1",2021,9,14.5491409345226,-0.991408166875702,-8.4594508986017,TRUE,TRUE,2,2021-09-01
"Fall Creek 1",2022,4,14.7327857329401,-0.947892120590561,-8.31932214646937,TRUE,TRUE,2,2022-04-01
"Fall Creek 1",2022,5,14.9857066081175,-2.54998972912946,-6.46430366275306,TRUE,TRUE,2,2022-05-01
"Fall Creek 1",2022,6,14.6819800679603,-2.74678520795478,-6.5712347240849,TRUE,TRUE,2,2022-06-01
"Fall Creek 1",2022,7,14.3754222693431,-1.91138497737335,-7.7131927532836,TRUE,TRUE,2,2022-07-01
"Fall Creek 2",2021,5,14.8434315455875,10.9135323773115,3.929899168276,FALSE,TRUE,1,2021-05-01
"Fall Creek 2",2021,6,14.4988182186871,10.8187546196138,3.68006359907332,FALSE,TRUE,1,2021-06-01
"Fall Creek 2",2021,7,14.3838828090957,11.1330078587719,3.25087495032381,FALSE,FALSE,0,2021-07-01
"Fall Creek 2",2021,8,14.4171696803844,11.3876724152903,3.02949726509412,FALSE,FALSE,0,2021-08-01
"Fall Creek 2",2021,9,14.5271896915348,11.1073456148681,3.4198440766667,FALSE,FALSE,0,2021-09-01
"Fall Creek 2",2021,10,14.6168490470435,11.2091912003867,3.40765784665682,FALSE,FALSE,0,2021-10-01
"Fall Creek 2",2021,11,14.371848936927,12.0493691624547,2.32247977447235,FALSE,FALSE,0,2021-11-01
"Fall Creek 2",2022,4,14.5639319456149,11.8799224876682,2.68400945794674,FALSE,FALSE,0,2022-04-01
"Fall Creek 2",2022,5,14.9453302963734,11.0313798384986,3.91395045787478,FALSE,TRUE,1,2022-05-01
"Fall Creek 2",2022,6,14.6819800656685,10.8564609196516,3.82551914601694,FALSE,TRUE,1,2022-06-01
"Fall Creek 2",2022,7,14.3754222684458,10.5792466495316,3.7961756189142,FALSE,TRUE,1,2022-07-01
"Fall Creek 2",2022,8,14.5196543129067,10.6682850052625,3.85136930764427,FALSE,TRUE,1,2022-08-01
"Fall Creek 2",2022,9,14.5506778066316,10.4533386842595,4.09733912237209,FALSE,TRUE,1,2022-09-01
"Fall Creek 2",2022,10,14.3791383319309,10.3856171204666,3.99352121146429,FALSE,TRUE,1,2022-10-01
"Fall Creek 3",2020,6,14.6433191521929,10.9982149818918,3.64510417030107,FALSE,TRUE,1,2020-06-01
"Fall Creek 3",2020,7,14.4736845102568,10.2725750176122,4.20110949264456,FALSE,TRUE,1,2020-07-01
"Fall Creek 3",2020,8,14.4347197889795,10.5020509487925,3.93266884018694,FALSE,TRUE,1,2020-08-01
"Fall Creek 3",2020,9,14.3015077578642,10.7276017923455,3.57390596551873,FALSE,TRUE,1,2020-09-01
"Fall Creek 3",2020,10,14.3379058097715,10.7528051619228,3.58510064784878,FALSE,TRUE,1,2020-10-01
"Fall Creek 4",2020,6,14.5189744518017,10.3848734224563,4.13410102934543,FALSE,TRUE,1,2020-06-01
"Fall Creek 4",2020,7,14.4736845102568,9.92908150960486,4.54460300065193,FALSE,TRUE,1,2020-07-01
"Fall Creek 4",2020,8,14.4347197889795,10.5317429369467,3.90297685203278,FALSE,TRUE,1,2020-08-01
"Fall Creek 4",2020,9,14.3015077578642,10.7260829238315,3.57542483403269,FALSE,TRUE,1,2020-09-01
"Fall Creek 4",2020,10,14.371249303569,10.4580244837415,3.91322481982748,FALSE,TRUE,1,2020-10-01
"Fall Creek 4",2021,5,14.8434315455875,10.5419351090792,4.3014964365083,FALSE,TRUE,1,2021-05-01
"Fall Creek 4",2021,6,14.4988182186871,10.3786327837677,4.12018543491941,FALSE,TRUE,1,2021-06-01
"Fall Creek 4",2021,7,14.3620922832266,10.7479391837198,3.61415309950673,FALSE,TRUE,1,2021-07-01
"Fall Creek 4",2021,8,14.4194232298736,10.628057968936,3.79136526093757,FALSE,TRUE,1,2021-08-01
"Fall Creek 4",2021,9,14.5286646314462,10.3597198653917,4.16894476605449,FALSE,TRUE,1,2021-09-01
"Fall Creek 4",2021,10,14.6168490470435,10.7840059430925,3.83284310395101,FALSE,TRUE,1,2021-10-01
"Fall Creek 4",2022,4,14.5999938403666,10.9171372404755,3.68285659989114,FALSE,TRUE,1,2022-04-01
"Fall Creek 4",2022,5,14.9453302963734,10.4738996439362,4.47143065243722,FALSE,TRUE,1,2022-05-01
"Fall Creek 4",2022,6,14.6247815130506,9.71418525013677,4.91059626291381,FALSE,TRUE,1,2022-06-01
"Fall Creek 4",2022,7,14.3754222684458,10.0159228532833,4.35949941516246,FALSE,TRUE,1,2022-07-01
"Fall Creek 4",2022,8,14.5196543129067,10.2845592873596,4.23509502554711,FALSE,TRUE,1,2022-08-01
"Fall Creek 4",2022,9,14.5506778066316,10.1623576204809,4.38832018615064,FALSE,TRUE,1,2022-09-01
"Fall Creek 4",2022,10,14.3791383319309,10.3203632632025,4.05877506872833,FALSE,TRUE,1,2022-10-01
"Fall Creek 4",2023,4,14.9169780863049,11.2268896145207,3.69008847178414,FALSE,TRUE,1,2023-04-01
"Fall Creek 4",2023,5,15.2329819142574,11.2722856246853,3.96069628957204,FALSE,TRUE,1,2023-05-01
"Fall Creek 4",2023,6,14.74202970448,10.5070365223668,4.23499318211312,FALSE,TRUE,1,2023-06-01
"Fall Creek 5",2016,7,14.1774865846449,-2.03007869733473,-7.79243471802037,TRUE,TRUE,2,2016-07-01
"Fall Creek 5",2016,8,14.2195221343302,-1.44535849024612,-8.33511937542363,TRUE,TRUE,2,2016-08-01
"Fall Creek 5",2016,9,13.9883911439863,-1.22874866061004,-8.78286019540365,TRUE,TRUE,2,2016-09-01
"Fall Creek 5",2016,10,14.1224282117025,-1.3317708382546,-8.54580095004293,TRUE,TRUE,2,2016-10-01
"Fall Creek 5",2020,7,14.3883417121428,-3.48960242933624,-6.12205585852098,TRUE,TRUE,2,2020-07-01
"Fall Creek 5",2020,8,14.4342493714618,-2.79999953546775,-6.76575109307046,TRUE,TRUE,2,2020-08-01
"Fall Creek 5",2020,9,14.3153839187669,-2.46200491866487,-7.22261116256821,TRUE,TRUE,2,2020-09-01
"Fall Creek 5",2020,10,14.4500408591783,-1.90196917665173,-7.64798996417002,TRUE,TRUE,2,2020-10-01
"Fall Creek 5",2021,4,14.6399230893442,-2.46695106543284,-6.893125845223,TRUE,TRUE,2,2021-04-01
"Fall Creek 5",2021,5,14.8887641061118,-2.66883238178949,-6.44240351209871,TRUE,TRUE,2,2021-05-01
"Fall Creek 5",2021,6,14.4988392330294,-3.02862984188396,-6.47253092508663,TRUE,TRUE,2,2021-06-01
"Fall Creek 5",2021,7,14.3641108444114,-2.55049308354901,-7.08539607203961,TRUE,TRUE,2,2021-07-01
"Fall Creek 5",2021,8,14.4628546966152,-1.85952333163906,-7.67762197174571,TRUE,TRUE,2,2021-08-01
"Fall Creek 5",2021,9,14.5356651248046,-1.78534335884676,-7.67899151634862,TRUE,TRUE,2,2021-09-01
"Fall Creek 5",2021,10,14.6686056168521,-1.90168760853084,-7.42970677461704,TRUE,TRUE,2,2021-10-01
"Fall Creek 5",2022,4,14.7134845115354,-3.16164394369278,-6.12487154477186,TRUE,TRUE,2,2022-04-01
"Fall Creek 5",2022,5,14.9755851179522,-2.9180355544618,-6.10637932758601,TRUE,TRUE,2,2022-05-01
"Fall Creek 5",2022,6,14.6815073473554,-2.96638335140169,-6.35210930124288,TRUE,TRUE,2,2022-06-01
"Fall Creek 5",2022,7,14.3756870923965,-2.73210981496756,-6.89220309263592,TRUE,TRUE,2,2022-07-01
"Fall Creek 6",2021,8,14.4117071073944,10.9953096154204,3.41639749197396,FALSE,FALSE,0,2021-08-01
"Fall Creek 6",2021,9,14.5356651248046,10.9918152380105,3.54384988679408,FALSE,TRUE,1,2021-09-01
"Fall Creek 6",2021,10,14.5638386798488,11.3066371292026,3.25720155064622,FALSE,FALSE,0,2021-10-01
"Fall Creek 6",2022,4,14.6361114086665,11.5230365397283,3.11307486893817,FALSE,FALSE,0,2022-04-01
"Fall Creek 6",2022,5,14.8577840076605,11.2522030540044,3.60558095365611,FALSE,TRUE,1,2022-05-01
"Fall Creek 6",2022,6,14.6815073473554,10.5882141383731,4.09329320898231,FALSE,TRUE,1,2022-06-01
"Fall Creek 6",2022,7,14.3756870923965,10.437908194415,3.93777889798156,FALSE,TRUE,1,2022-07-01
"Fall Creek 6",2022,8,14.5192902297328,11.0051808222001,3.51410940753269,FALSE,TRUE,1,2022-08-01
"Fall Creek 6",2022,9,14.5513994271727,10.8636112489275,3.68778817824522,FALSE,TRUE,1,2022-09-01
"Fall Creek 6",2022,10,14.3807673418474,11.1600496747573,3.2207176670901,FALSE,FALSE,0,2022-10-01
"Fall Creek 6",2023,4,14.7991918585817,12.51127871953,2.28791313905176,FALSE,FALSE,0,2023-04-01
"Fall Creek 6",2023,5,15.2312009499057,11.8908819054301,3.34031904447556,FALSE,FALSE,0,2023-05-01
"Fall Creek 6",2023,6,14.743269021498,11.1050223474915,3.63824667400646,FALSE,TRUE,1,2023-06-01
"Fish Creek (Gros Ventre)",2020,8,14.8263863798516,12.0495105737189,2.77687580613273,FALSE,FALSE,0,2020-08-01
"Fish Creek (Gros Ventre)",2020,9,14.5707387908117,11.6826372481928,2.88810154261882,FALSE,FALSE,0,2020-09-01
"Fish Creek (Gros Ventre)",2020,10,14.6215642924899,11.9456996637807,2.67586462870918,FALSE,FALSE,0,2020-10-01
"Fish Creek (South Fork - Gros Ventre)",2014,6,14.6490161189146,-2.95723636709511,-6.39374751399024,TRUE,TRUE,2,2014-06-01
"Fish Creek (South Fork - Gros Ventre)",2014,7,14.506969976373,-2.08269187616057,-7.41033814746638,TRUE,TRUE,2,2014-07-01
"Fish Creek (South Fork - Gros Ventre)",2014,8,14.5363561255618,-1.33832538918776,-8.12531848525043,TRUE,TRUE,2,2014-08-01
"Fish Creek (South Fork - Gros Ventre)",2014,9,14.4232215139847,-1.03000188696522,-8.54677659905013,TRUE,TRUE,2,2014-09-01
"Fish Creek (South Fork - Gros Ventre)",2014,10,14.4924509995533,-1.63473463181343,-7.87281436863328,TRUE,TRUE,2,2014-10-01
"Fish Creek (South Fork - Gros Ventre)",2015,4,14.8531603966228,-0.66833968070613,-8.4784999226711,TRUE,TRUE,2,2015-04-01
"Fish Creek (South Fork - Gros Ventre)",2015,5,15.2064523896803,9.32262765860533,-2.11617526892499,TRUE,TRUE,2,2015-05-01
"Fish Creek (South Fork - Gros Ventre)",2015,6,14.6825013496111,-3.11695922313694,-6.20053942725201,TRUE,TRUE,2,2015-06-01
"Fish Creek 1",2021,5,14.7714683867107,14.2134317046302,0.558036682080537,FALSE,FALSE,0,2021-05-01
"Fish Creek 1",2021,6,14.3439893888868,13.7743909740876,0.569598414799217,FALSE,FALSE,0,2021-06-01
"Fish Creek 1",2021,7,14.2563457992911,13.7474057390715,0.508940060219658,FALSE,FALSE,0,2021-07-01
"Fish Creek 1",2021,8,14.123798952479,13.632410476264,0.491388476215059,FALSE,FALSE,0,2021-08-01
"Fish Creek 1",2021,9,13.9249063925083,13.7250017457985,0.199904646709809,FALSE,FALSE,0,2021-09-01
"Fish Creek 1",2021,10,14.4770537485097,14.1627554865239,0.314298261985846,FALSE,FALSE,0,2021-10-01
"Fish Creek 1",2022,3,14.3935985636404,14.4431953584209,-0.0495967947804451,FALSE,FALSE,0,2022-03-01
"Fish Creek 1",2022,4,14.4844064842963,13.7784320953634,0.705974388932962,FALSE,FALSE,0,2022-04-01
"Fish Creek 1",2022,5,14.4909143234678,14.2247762714406,0.266138052027232,FALSE,FALSE,0,2022-05-01
"Fish Creek 1",2022,6,14.500726167714,13.6508300389428,0.849896128771202,FALSE,FALSE,0,2022-06-01
"Fish Creek 1",2022,7,14.2382540662368,13.6634594769761,0.57479458926071,FALSE,FALSE,0,2022-07-01
"Fish Creek 1",2022,8,14.0520349783168,13.7745509058943,0.277484072422483,FALSE,FALSE,0,2022-08-01
"Fish Creek 1",2022,9,13.9882399535602,13.5781328285133,0.41010712504688,FALSE,FALSE,0,2022-09-01
"Fish Creek 1",2022,10,13.6941376328434,13.996144032753,-0.30200639990964,FALSE,FALSE,0,2022-10-01
"Fish Creek 1",2023,4,14.6057655752634,14.3525276980701,0.253237877193268,FALSE,FALSE,0,2023-04-01
"Fish Creek 1",2023,5,14.9557406326158,14.1716370412485,0.784103591367337,FALSE,FALSE,0,2023-05-01
"Fish Creek 1",2023,6,14.7882346239755,13.8667014403033,0.921533183672209,FALSE,FALSE,0,2023-06-01
"Fish Creek 2",2021,8,14.1857878087087,13.592197830349,0.593589978359679,FALSE,FALSE,0,2021-08-01
"Fish Creek 2",2021,9,13.9249063925083,13.6956481577257,0.229258234782594,FALSE,FALSE,0,2021-09-01
"Fish Creek 2",2022,4,14.4844064842963,13.9818856845868,0.502520799709512,FALSE,FALSE,0,2022-04-01
"Fish Creek 2",2022,5,14.4258098870543,14.2501463312235,0.175663555830858,FALSE,FALSE,0,2022-05-01
"Fish Creek 2",2022,6,14.5300605406031,13.7112453294191,0.818815211184044,FALSE,FALSE,0,2022-06-01
"Fish Creek 2",2022,7,14.2382540662368,13.711441317993,0.526812748243741,FALSE,FALSE,0,2022-07-01
"Fish Creek 2",2022,8,14.0520349783168,13.7822651852921,0.269769793024673,FALSE,FALSE,0,2022-08-01
"Fish Creek 2",2022,9,13.9882399535602,13.5974351956022,0.390804757957941,FALSE,FALSE,0,2022-09-01
"Fish Creek 2",2022,10,13.6338268427123,14.1078631195578,-0.474036276845469,FALSE,FALSE,0,2022-10-01
"Fisherman Creek",2014,6,14.3915634515654,-1.06509065720085,-8.54334589123377,TRUE,TRUE,2,2014-06-01
"Fisherman Creek",2014,7,14.4121801812361,-1.29096225989588,-8.296857558868,TRUE,TRUE,2,2014-07-01
"Fisherman Creek",2014,8,14.4799396168171,-1.23731782626325,-8.28274255691966,TRUE,TRUE,2,2014-08-01
"Fisherman Creek",2014,9,14.2516107024481,-1.66325534278638,-8.08513395476553,TRUE,TRUE,2,2014-09-01
"Fisherman Creek",2014,10,14.3706809146376,-1.05080872726368,-8.57851035809873,TRUE,TRUE,2,2014-10-01
"Fisherman Creek",2015,4,14.5973845962156,-2.21418577685015,-7.18842962693426,TRUE,TRUE,2,2015-04-01
"Fisherman Creek",2015,5,15.0059894262855,-2.09550489435553,-6.89850567935893,TRUE,TRUE,2,2015-05-01
"Fisherman Creek",2015,6,14.5697397570173,-1.41397945449935,-8.01628078848338,TRUE,TRUE,2,2015-06-01
"Flat Creek (East Fork 1)",2020,6,14.2960426403044,12.7977963463156,1.49824629398878,FALSE,FALSE,0,2020-06-01
"Flat Creek (East Fork 1)",2020,7,14.3363118838409,12.7512933487125,1.58501853512841,FALSE,FALSE,0,2020-07-01
"Flat Creek (East Fork 1)",2020,8,14.0967888342793,12.9962331879764,1.10055564630289,FALSE,FALSE,0,2020-08-01
"Flat Creek (East Fork 1)",2020,9,13.9457280373666,12.7135563699372,1.23217166742935,FALSE,FALSE,0,2020-09-01
"Flat Creek (East Fork 1)",2020,10,13.6726393996899,12.6889401045058,0.98369929518408,FALSE,FALSE,0,2020-10-01
"Flat Creek (East Fork 1)",2021,3,14.1369468786984,12.305728360484,1.8312185182144,FALSE,FALSE,0,2021-03-01
"Flat Creek (East Fork 1)",2021,4,14.4091315368071,12.4572809326119,1.95185060419515,FALSE,FALSE,0,2021-04-01
"Flat Creek (East Fork 1)",2021,5,14.639599431277,12.459321381351,2.18027804992592,FALSE,FALSE,0,2021-05-01
"Flat Creek (East Fork 1)",2021,6,14.2188718305374,12.4193738631916,1.79949796734585,FALSE,FALSE,0,2021-06-01
"Flat Creek (East Fork 1)",2021,7,14.2563457964698,13.7787009768078,0.477644819661917,FALSE,FALSE,0,2021-07-01
"Flat Creek (East Fork 1)",2021,8,14.1237989502909,13.7684749942367,0.355323956054268,FALSE,FALSE,0,2021-08-01
"Flat Creek (East Fork 1)",2021,9,13.9249063870604,13.6110661648611,0.313840222199299,FALSE,FALSE,0,2021-09-01
"Flat Creek (East Fork 1)",2021,11,13.7120887513959,13.3442261529546,0.367862598441305,FALSE,FALSE,0,2021-11-01
"Flat Creek (East Fork 1)",2022,2,13.9504914946748,13.1596344288534,0.79085706582132,FALSE,FALSE,0,2022-02-01
"Flat Creek (East Fork 1)",2022,3,14.384151458435,13.4228907895678,0.961260668867206,FALSE,FALSE,0,2022-03-01
"Flat Creek (East Fork 1)",2022,10,13.805661186961,13.7212225973808,0.0844385895801136,FALSE,FALSE,0,2022-10-01
"Flat Creek (East Fork 1)",2023,8,14.3224042175157,9.88567238188167,4.43673183563407,FALSE,TRUE,1,2023-08-01
"Flat Creek (East Fork 1)",2023,9,14.5365133857752,10.2865371535033,4.24997623227191,FALSE,TRUE,1,2023-09-01
"Flat Creek (East Fork 1)",2023,10,14.4612752444275,13.0488506228903,1.41242462153712,FALSE,FALSE,0,2023-10-01
"Flat Creek (East Fork 1)",2023,11,14.6334129746779,12.681009468894,1.95240350578392,FALSE,FALSE,0,2023-11-01
"Flat Creek (East Fork 1)",2024,1,13.0741446089178,12.4304329451382,0.643711663779572,FALSE,FALSE,0,2024-01-01
"Flat Creek (East Fork 1)",2024,2,13.4252234296303,12.1943969374347,1.23082649219555,FALSE,FALSE,0,2024-02-01
"Flat Creek (East Fork 1)",2024,3,13.8711115648781,12.4682291258178,1.40288243906024,FALSE,FALSE,0,2024-03-01
"Flat Creek (East Fork 1)",2024,4,14.3671042237496,13.2223635059937,1.14474071775593,FALSE,FALSE,0,2024-04-01
"Flat Creek (East Fork 1)",2024,5,14.6077345402585,12.8654988835483,1.74223565671021,FALSE,FALSE,0,2024-05-01
"Flat Creek (East Fork 1)",2024,6,14.5481985874212,12.6784304063652,1.86976818105605,FALSE,FALSE,0,2024-06-01
"Flat Creek (East Fork 1)",2024,7,14.1921103705604,12.9717221126323,1.22038825792808,FALSE,FALSE,0,2024-07-01
"Flat Creek (East Fork 1)",2024,8,14.0762532169733,13.2377644718502,0.838488745123156,FALSE,FALSE,0,2024-08-01
"Flat Creek (East Fork 2)",2021,8,14.1596124165097,14.0643318630492,0.0952805534604559,FALSE,FALSE,0,2021-08-01
"Flat Creek (East Fork 2)",2021,9,13.9249063870604,13.9024993536497,0.0224070334107129,FALSE,FALSE,0,2021-09-01
"Flat Creek (East Fork 2)",2021,10,14.3510637784833,13.7450662161094,0.605997562373884,FALSE,FALSE,0,2021-10-01
"Flat Creek (East Fork 2)",2021,11,13.6452285110311,13.3937971472789,0.25143136375223,FALSE,FALSE,0,2021-11-01
"Flat Creek (East Fork 2)",2022,2,13.9736336927169,13.2945238600308,0.679109832686091,FALSE,FALSE,0,2022-02-01
"Flat Creek (East Fork 2)",2022,3,14.453507533882,13.596317970694,0.85718956318805,FALSE,FALSE,0,2022-03-01
"Flat Creek (East Fork 2)",2022,4,14.4603391268664,13.7461703813599,0.714168745506463,FALSE,FALSE,0,2022-04-01
"Flat Creek (East Fork 2)",2022,5,14.4909143248848,13.8129546528605,0.677959672024318,FALSE,FALSE,0,2022-05-01
"Flat Creek (East Fork 2)",2022,6,14.500585773727,13.325279569526,1.17530620420103,FALSE,FALSE,0,2022-06-01
"Flat Creek (East Fork 2)",2022,7,14.2170133238473,13.5890250664196,0.627988257427739,FALSE,FALSE,0,2022-07-01
"Flat Creek (East Fork 2)",2022,8,14.0570234887041,15.3636889996038,-1.30666551089969,FALSE,TRUE,1,2022-08-01
"Flat Creek (East Fork 2)",2022,9,13.9882399554736,15.1474585326883,-1.15921857721471,FALSE,TRUE,1,2022-09-01
"Flat Creek (East Fork 2)",2022,10,13.7453272207683,15.0328771711161,-1.28754995034778,FALSE,TRUE,1,2022-10-01
"Flat Creek (East Fork 2)",2023,3,13.8842568888361,13.7326166483609,0.151640240475175,FALSE,FALSE,0,2023-03-01
"Flat Creek (East Fork 2)",2023,4,14.515862460427,13.8298123866866,0.68605007374032,FALSE,FALSE,0,2023-04-01
"Flat Creek (East Fork 2)",2023,5,14.9496673460513,13.8500524770784,1.09961486897291,FALSE,FALSE,0,2023-05-01
"Flat Creek (East Fork 2)",2023,6,14.7246571507428,13.2767176613105,1.44793948943236,FALSE,FALSE,0,2023-06-01
"Flat Creek (East Fork 2)",2023,7,14.3505531948837,13.0081653092771,1.3423878856066,FALSE,FALSE,0,2023-07-01
"Flat Creek (Gros Ventre River return flow)",2020,6,14.486858525527,12.8540235983434,1.63283492718365,FALSE,FALSE,0,2020-06-01
"Flat Creek (Gros Ventre River return flow)",2020,7,14.3363118838409,11.7321488538319,2.60416303000894,FALSE,FALSE,0,2020-07-01
"Flat Creek (Gros Ventre River return flow)",2020,8,14.0967888342793,12.1301597638984,1.96662907038096,FALSE,FALSE,0,2020-08-01
"Flat Creek (Gros Ventre River return flow)",2020,9,13.9552108914869,12.231611406597,1.7235994848899,FALSE,FALSE,0,2020-09-01
"Flat Creek (Gros Ventre River return flow)",2020,10,13.7151903984604,12.636095032586,1.0790953658744,FALSE,FALSE,0,2020-10-01
"Flat Creek (Gros Ventre River return flow)",2021,3,14.0833392106675,12.5322201095271,1.55111910114037,FALSE,FALSE,0,2021-03-01
"Flat Creek (Gros Ventre River return flow)",2021,4,14.4091315368071,12.9058661977407,1.50326533906639,FALSE,FALSE,0,2021-04-01
"Flat Creek (Gros Ventre River return flow)",2021,5,14.639599431277,12.7903982762729,1.84920115500403,FALSE,FALSE,0,2021-05-01
"Flat Creek (Gros Ventre River return flow)",2021,6,14.3439893899472,12.49546547925,1.84852391069719,FALSE,FALSE,0,2021-06-01
"Flat Creek (Gros Ventre River return flow)",2021,7,14.2563457964698,12.9670290835059,1.28931671296386,FALSE,FALSE,0,2021-07-01
"Flat Creek (Gros Ventre River return flow)",2021,8,14.1237989502909,13.7482567618331,0.375542188457808,FALSE,FALSE,0,2021-08-01
"Flat Creek (Gros Ventre River return flow)",2021,9,13.9249063870604,13.7715730187345,0.1533333683259,FALSE,FALSE,0,2021-09-01
"Flat Creek (Gros Ventre River return flow)",2021,10,14.4239266587448,13.7567125368126,0.667214121932199,FALSE,FALSE,0,2021-10-01
"Flat Creek (Gros Ventre River return flow)",2021,11,13.7168878101374,13.2882027101813,0.428685099956155,FALSE,FALSE,0,2021-11-01
"Flat Creek (Gros Ventre River return flow)",2022,2,13.9504914946748,13.7215890964997,0.228902398175073,FALSE,FALSE,0,2022-02-01
"Flat Creek (Gros Ventre River return flow)",2022,3,14.453507533882,13.9550465683223,0.498460965559773,FALSE,FALSE,0,2022-03-01
"Flat Creek (Gros Ventre River return flow)",2022,4,14.4603391268664,14.0921211269425,0.368217999923923,FALSE,FALSE,0,2022-04-01
"Flat Creek (Gros Ventre River return flow)",2022,5,14.4909143248848,14.0386138985737,0.452300426311124,FALSE,FALSE,0,2022-05-01
"Flat Creek (Gros Ventre River return flow)",2022,6,14.5300605401971,13.6632950342609,0.86676550593623,FALSE,FALSE,0,2022-06-01
"Flat Creek (Gros Ventre River return flow)",2022,7,14.2170133238473,12.6612304862984,1.5557828375489,FALSE,FALSE,0,2022-07-01
"Flat Creek (Gros Ventre River return flow)",2022,8,14.0896249517926,12.2869313464829,1.80269360530974,FALSE,FALSE,0,2022-08-01
"Flat Creek (Gros Ventre River return flow)",2022,9,13.8362552217143,12.2798950007872,1.55636022092705,FALSE,FALSE,0,2022-09-01
"Flat Creek (Gros Ventre River return flow)",2022,10,13.781363744645,13.6305629971082,0.150800747536793,FALSE,FALSE,0,2022-10-01
"Flat Creek 1",2020,6,14.3696011915111,11.6157713794766,2.75382981203448,FALSE,FALSE,0,2020-06-01
"Flat Creek 1",2020,7,14.3371995286565,10.6171998727227,3.71999965593383,FALSE,TRUE,1,2020-07-01
"Flat Creek 1",2020,8,14.0953108091944,10.4946676568845,3.60064315230991,FALSE,TRUE,1,2020-08-01
"Flat Creek 1",2020,9,13.9565198688322,10.3859430674524,3.57057680137973,FALSE,TRUE,1,2020-09-01
"Flat Creek 1",2020,10,13.7095788021579,10.7235063524647,2.98607244969321,FALSE,FALSE,0,2020-10-01
"Flat Creek 1",2021,3,14.1356356109781,10.9178654860631,3.21777012491507,FALSE,FALSE,0,2021-03-01
"Flat Creek 1",2021,4,14.4180168226463,11.1226166177237,3.2954002049226,FALSE,FALSE,0,2021-04-01
"Flat Creek 1",2021,5,14.6402921385915,10.9447976938415,3.69549444474996,FALSE,TRUE,1,2021-05-01
"Flat Creek 1",2021,6,14.3440015191389,10.7812084545527,3.56279306458622,FALSE,TRUE,1,2021-06-01
"Flat Creek 1",2021,7,14.2569085908012,11.5645931324674,2.69231545833378,FALSE,FALSE,0,2021-07-01
"Flat Creek 1",2021,8,14.0544398887738,12.2550547423735,1.79938514640026,FALSE,FALSE,0,2021-08-01
"Flat Creek 1",2021,9,13.9265183026506,12.1184612991097,1.80805700354092,FALSE,FALSE,0,2021-09-01
"Flat Creek 1",2021,10,14.511412945161,11.9244111055353,2.58700183962564,FALSE,FALSE,0,2021-10-01
"Flat Creek 1",2021,11,13.9118103976196,11.3461114099621,2.56569898765747,FALSE,FALSE,0,2021-11-01
"Flat Creek 1",2023,7,14.2727058972092,7.54136238917355,6.73134350803567,TRUE,TRUE,2,2023-07-01
"Flat Creek 1",2023,8,14.2628353457863,7.92723403576297,6.33560131002336,TRUE,TRUE,2,2023-08-01
"Flat Creek 1",2023,9,14.5391078572871,8.22549826724733,6.31360959003978,TRUE,TRUE,2,2023-09-01
"Flat Creek 1",2023,10,14.4785585681384,11.0054668108939,3.47309175724449,FALSE,FALSE,0,2023-10-01
"Flat Creek 1",2023,11,14.7841492083809,11.0713127403733,3.71283646800761,FALSE,TRUE,1,2023-11-01
"Flat Creek 1",2024,1,12.8040590469044,10.9918945949181,1.81216445198635,FALSE,FALSE,0,2024-01-01
"Flat Creek 1",2024,2,13.4284898939964,10.9699029756221,2.45858691837426,FALSE,FALSE,0,2024-02-01
"Flat Creek 1",2024,3,13.8447151832491,11.1857919545158,2.65892322873336,FALSE,FALSE,0,2024-03-01
"Flat Creek 1",2024,4,14.3666800043039,11.8060389008118,2.56064110349212,FALSE,FALSE,0,2024-04-01
"Flat Creek 1",2024,5,14.5831178627197,11.64067409309,2.94244376962973,FALSE,FALSE,0,2024-05-01
"Flat Creek 1",2024,6,14.4929740283163,11.688833466796,2.80414056152029,FALSE,FALSE,0,2024-06-01
"Flat Creek 1",2024,7,14.1955947236052,10.5448617232262,3.65073300037893,FALSE,TRUE,1,2024-07-01
"Flat Creek 1",2024,8,14.0878374137652,10.7230436274366,3.36479378632866,FALSE,FALSE,0,2024-08-01
"Goosewing Creek",2021,7,14.7126844357521,13.1288945935237,1.58378984222835,FALSE,FALSE,0,2021-07-01
"Goosewing Creek",2021,8,14.7677548495123,13.3026142601977,1.46514058931456,FALSE,FALSE,0,2021-08-01
"Goosewing Creek",2021,9,14.9895913857847,13.2577578516834,1.73183353410131,FALSE,FALSE,0,2021-09-01
"Goosewing Creek",2021,10,14.8781516701827,13.2082656316736,1.6698860385091,FALSE,FALSE,0,2021-10-01
"Goosewing Creek",2022,5,14.8542210733165,12.5676111969487,2.28660987636782,FALSE,FALSE,0,2022-05-01
"Goosewing Creek",2022,6,15.1618852666939,12.5818833531792,2.58000191351465,FALSE,FALSE,0,2022-06-01
"Goosewing Creek",2022,7,14.7648491542744,11.895664739452,2.86918441482236,FALSE,FALSE,0,2022-07-01
"Goosewing Creek",2022,8,14.7778771465048,12.4448629691032,2.33301417740159,FALSE,FALSE,0,2022-08-01
"Goosewing Creek",2022,9,14.8319275326946,12.3263744840643,2.50555304863033,FALSE,FALSE,0,2022-09-01
"Goosewing Creek",2022,10,14.8967165055203,12.4351320427946,2.46158446272574,FALSE,FALSE,0,2022-10-01
"Goosewing Creek",2023,5,15.4770410518574,12.7531902833005,2.72385076855697,FALSE,FALSE,0,2023-05-01
"Goosewing Creek",2023,6,15.064225317179,12.0703720666508,2.99385325052825,FALSE,FALSE,0,2023-06-01
"Goosewing Creek",2023,7,14.8969144098158,11.3647016262997,3.53221278351601,FALSE,TRUE,1,2023-07-01
"Goosewing Creek",2023,8,14.7588057699513,8.56669547670627,6.19211029324503,TRUE,TRUE,2,2023-08-01
"Goosewing Creek",2023,9,14.863223584282,9.6556161894063,5.20760739487575,TRUE,TRUE,2,2023-09-01
"Goosewing Creek",2023,10,14.9002240262825,12.3925908611545,2.50763316512796,FALSE,FALSE,0,2023-10-01
"Goosewing Creek",2024,5,14.738633488105,12.9663691432625,1.77226434484254,FALSE,FALSE,0,2024-05-01
"Goosewing Creek",2024,6,15.0263799875097,12.6522937236601,2.37408626384965,FALSE,FALSE,0,2024-06-01
"Granite Creek 1",2020,8,14.5050463198737,11.7151326893949,2.78991363047881,FALSE,FALSE,0,2020-08-01
"Granite Creek 1",2020,9,14.3659560328773,11.350614267989,3.01534176488829,FALSE,FALSE,0,2020-09-01
"Granite Creek 1",2020,10,14.4527421589853,11.2676381799612,3.18510397902403,FALSE,FALSE,0,2020-10-01
"Granite Creek 1",2021,5,14.881511649074,12.8315575167758,2.04995413229828,FALSE,FALSE,0,2021-05-01
"Granite Creek 1",2021,6,14.5363151360203,12.5614189037562,1.97489623226407,FALSE,FALSE,0,2021-06-01
"Granite Creek 1",2021,7,14.4747869147563,11.9097104289652,2.56507648579116,FALSE,FALSE,0,2021-07-01
"Granite Creek 1",2021,8,14.4812446329925,11.61897713321,2.86226749978251,FALSE,FALSE,0,2021-08-01
"Granite Creek 1",2021,9,14.6759223618465,11.3227860218634,3.35313633998309,FALSE,FALSE,0,2021-09-01
"Granite Creek 1",2021,10,14.6502675449348,11.3694367047573,3.28083084017756,FALSE,FALSE,0,2021-10-01
"Granite Creek 1",2021,11,14.0581715680328,10.9737240624128,3.08444750561998,FALSE,FALSE,0,2021-11-01
"Granite Creek 1",2022,3,14.8385451056752,11.3055501251567,3.53299498051853,FALSE,TRUE,1,2022-03-01
"Granite Creek 1",2022,4,14.6191262093676,12.092287208694,2.52683900067363,FALSE,FALSE,0,2022-04-01
"Granite Creek 1",2022,5,14.8779083100407,12.6860746835629,2.19183362647789,FALSE,FALSE,0,2022-05-01
"Granite Creek 1",2022,6,14.7440840736523,12.771157754392,1.97292631926026,FALSE,FALSE,0,2022-06-01
"Granite Creek 1",2022,7,14.4385186811096,12.4585707056402,1.97994797546934,FALSE,FALSE,0,2022-07-01
"Granite Creek 1",2022,8,14.5324837163557,12.9635396237712,1.56894409258448,FALSE,FALSE,0,2022-08-01
"Granite Creek 1",2022,9,14.5696183010484,12.5897231355785,1.97989516546987,FALSE,FALSE,0,2022-09-01
"Granite Creek 1",2022,10,14.4703731934552,12.2793105680867,2.19106262536854,FALSE,FALSE,0,2022-10-01
"Granite Creek 1",2023,4,14.9503153254781,11.915174188123,3.03514113735515,FALSE,FALSE,0,2023-04-01
"Granite Creek 1",2023,5,15.1531067222065,13.3255416246289,1.8275650975776,FALSE,FALSE,0,2023-05-01
"Granite Creek 1",2023,6,14.7439669202045,12.8263058379564,1.91766108224807,FALSE,FALSE,0,2023-06-01
"Granite Creek 1",2023,7,14.4984230653909,12.4706467109949,2.02777635439606,FALSE,FALSE,0,2023-07-01
"Granite Creek 2",2021,3,14.3925434745184,-2.05921816959381,-6.13647365000547,TRUE,TRUE,2,2021-03-01
"Granite Creek 2",2021,4,14.5245093058987,-2.23614252944179,-7.23934816465947,TRUE,TRUE,2,2021-04-01
"Granite Creek 2",2021,5,14.8463033559106,-1.40106059971666,-7.75263604437275,TRUE,TRUE,2,2021-05-01
"Granite Creek 2",2021,6,14.7331419541812,-1.52043462307675,-7.74642342274209,TRUE,TRUE,2,2021-06-01
"Granite Creek 2",2021,7,14.7393419033503,-1.6332046389765,-7.62745345767315,TRUE,TRUE,2,2021-07-01
"Granite Creek 2",2022,4,14.4160234398558,-1.84457235802639,-7.73940420211782,TRUE,TRUE,2,2022-04-01
"Granite Creek 2",2022,5,15.0050373075334,-1.36203429108271,-7.63292840138385,TRUE,TRUE,2,2022-05-01
"Granite Creek 2",2022,6,14.7908516359784,-0.648545107140207,-8.56060325688143,TRUE,TRUE,2,2022-06-01
"Granite Creek 2",2022,7,14.4983007097332,-0.956023229166389,-8.54567606110037,TRUE,TRUE,2,2022-07-01
"Granite Creek 2",2022,8,14.6441098080806,-1.12982025513632,-8.22606993678309,TRUE,TRUE,2,2022-08-01
"Granite Creek 2",2022,9,14.5249084674168,-1.57312618950101,-7.90196534308223,TRUE,TRUE,2,2022-09-01
"Granite Creek 2",2022,10,14.6617075863817,-1.93871846772039,-7.39957394589795,TRUE,TRUE,2,2022-10-01
"Granite Creek 2",2023,6,14.8021752283425,6.30213498186315,8.50004024647934,TRUE,TRUE,2,2023-06-01
"Granite Creek 2",2023,7,14.6167560351391,6.18527460200751,8.43148143313155,TRUE,TRUE,2,2023-07-01
"Granite Creek 2",2023,8,14.5516297545024,5.81297755380267,8.7386522006997,TRUE,TRUE,2,2023-08-01
"Granite Creek 2",2023,9,14.9078207015652,5.46923109232813,9.43858960923707,TRUE,TRUE,2,2023-09-01
"Granite Creek 2",2023,11,14.6064379731795,4.44034186534755,8.45181039354625,TRUE,TRUE,2,2023-11-01
"Granite Creek 2",2024,2,14.4426017329123,4.15143439558643,5.4911673373259,TRUE,TRUE,2,2024-02-01
"Granite Creek 2",2024,3,14.2955845743385,4.57603293700569,9.71955163733277,TRUE,TRUE,2,2024-03-01
"Granite Creek 2",2024,4,14.3391386311139,5.46181732215713,8.87732130895677,TRUE,TRUE,2,2024-04-01
"Granite Creek 2",2024,5,14.631580931804,6.41128580510478,7.26029512669927,TRUE,TRUE,2,2024-05-01
"Granite Creek 2",2024,6,14.6414530822002,6.64704053078315,7.99441255141709,TRUE,TRUE,2,2024-06-01
"Granite Creek 2",2024,7,14.5449627807605,6.12145990056376,8.42350288019673,TRUE,TRUE,2,2024-07-01
"Granite Creek 2",2024,8,14.58294496567,5.71444277818851,8.86850218748151,TRUE,TRUE,2,2024-08-01
"Granite Creek 3",2020,7,14.5271182417173,0.191482886126926,-9.6643646444096,TRUE,TRUE,2,2020-07-01
"Granite Creek 3",2020,8,14.5182010217442,0.168464640214071,-9.65026361846983,TRUE,TRUE,2,2020-08-01
"Granite Creek 3",2020,9,14.3370894768771,0.0606944304345888,-9.72360495355746,TRUE,TRUE,2,2020-09-01
"Granite Creek 3",2020,10,14.2657609214479,0.211871178319405,-9.94611025687149,TRUE,TRUE,2,2020-10-01
"Granite Creek 3",2021,4,14.726634172886,0.217968347763707,-9.49133417487773,TRUE,TRUE,2,2021-04-01
"Granite Creek 3",2021,5,14.957220276762,0.465957156402929,-9.50873687964098,TRUE,TRUE,2,2021-05-01
"Granite Creek 3",2021,6,14.6834331299724,0.305975641534676,-9.62254251156232,TRUE,TRUE,2,2021-06-01
"Granite Creek 3",2021,7,14.7168314343172,0.176524471520676,-9.45969303720352,TRUE,TRUE,2,2021-07-01
"Granite Creek 3",2021,8,14.5781510247096,0.0177661470334652,-9.43961512232381,TRUE,TRUE,2,2021-08-01
"Grey's River 1",2023,8,14.4090913674071,4.23713649908641,9.28306597943176,TRUE,TRUE,2,2023-08-01
"Grey's River 1",2023,9,14.6069694853456,4.37681221592697,10.2301572694187,TRUE,TRUE,2,2023-09-01
"Grey's River 1",2023,10,14.6178149817774,4.29403346160263,9.28030325930517,TRUE,TRUE,2,2023-10-01
"Grey's River 1",2023,11,14.8281542118554,3.21128319259846,4.7597281621141,FALSE,TRUE,1,2023-11-01
"Grey's River 1",2024,3,13.9214373198065,3.90365169353009,7.49146983680268,TRUE,TRUE,2,2024-03-01
"Grey's River 1",2024,4,14.2546818170133,4.88941216509166,9.36526965192168,TRUE,TRUE,2,2024-04-01
"Grey's River 1",2024,5,14.7942237334112,4.62418427957773,7.88432516811921,TRUE,TRUE,2,2024-05-01
"Grey's River 1",2024,6,14.5485919472056,4.46918255264523,9.22226653741754,TRUE,TRUE,2,2024-06-01
"Grey's River 1",2024,7,14.3752741507574,4.32714260245081,10.0481315483066,TRUE,TRUE,2,2024-07-01
"Grey's River 1",2024,8,14.3372366562308,4.43042661934156,9.90681003688922,TRUE,TRUE,2,2024-08-01
"Grey's River 2",2023,7,15.0273133336523,5.67135509672357,9.35595823692875,TRUE,TRUE,2,2023-07-01
"Grey's River 2",2023,8,14.869870867957,5.62385529560969,9.2460155723473,TRUE,TRUE,2,2023-08-01
"Grey's River 2",2023,9,15.0411880691445,5.559606248785,9.48158182035953,TRUE,TRUE,2,2023-09-01
"Grey's River 2",2023,10,15.23470293007,5.58335735169836,9.65134557837168,TRUE,TRUE,2,2023-10-01
"Grey's River 2",2024,3,14.6749729746941,5.77611741250549,8.89885556218865,TRUE,TRUE,2,2024-03-01
"Grey's River 2",2024,4,14.6757685390953,6.01817079512002,8.65759774397524,TRUE,TRUE,2,2024-04-01
"Grey's River 2",2024,5,15.0723891710669,6.22292364370475,7.75855643645302,TRUE,TRUE,2,2024-05-01
"Grey's River 2",2024,6,15.4511580359079,6.14101740369933,9.31014063220854,TRUE,TRUE,2,2024-06-01
"Grey's River 3",2023,7,15.2025220780584,7.13719114263936,8.06533093541904,TRUE,TRUE,2,2023-07-01
"Grey's River 3",2023,8,15.1660641101402,6.83391451997427,8.3321495901659,TRUE,TRUE,2,2023-08-01
"Grey's River 3",2023,9,15.2271587244678,6.33678181407957,8.89037691038826,TRUE,TRUE,2,2023-09-01
"Grey's River 3",2023,10,15.1325443777737,5.98404637812001,9.14849799965371,TRUE,TRUE,2,2023-10-01
"Grey's River 3",2024,3,14.4772123234608,6.14384690589756,8.33336541756325,TRUE,TRUE,2,2024-03-01
"Grey's River 3",2024,4,14.6070326722418,6.95442011293831,7.65261255930344,TRUE,TRUE,2,2024-04-01
"Grey's River 3",2024,5,14.5776734720339,8.13731346436752,6.44036000766637,TRUE,TRUE,2,2024-05-01
"Grey's River 3",2024,6,15.2043122078708,7.20638153359108,7.9979306742797,TRUE,TRUE,2,2024-06-01
"Grey's River 3",2024,7,14.9702909330948,6.48610369946131,8.48418723363346,TRUE,TRUE,2,2024-07-01
"Grey's River 3",2024,8,15.2193906413878,6.43826108889854,8.78112955248931,TRUE,TRUE,2,2024-08-01
"Gros Ventre River 1",2020,8,14.1570550168939,12.2630006160558,1.89405440083805,FALSE,FALSE,0,2020-08-01
"Gros Ventre River 1",2020,9,13.9565198687328,11.7636726907962,2.19284717793663,FALSE,FALSE,0,2020-09-01
"Gros Ventre River 1",2021,7,14.2518727624561,13.3348842938747,0.916988468581373,FALSE,FALSE,0,2021-07-01
"Gros Ventre River 1",2021,8,14.1252653448908,13.2448465564656,0.880418788425153,FALSE,FALSE,0,2021-08-01
"Gros Ventre River 1",2021,9,13.872614831477,13.0774499638774,0.795164867599674,FALSE,FALSE,0,2021-09-01
"Gros Ventre River 2",2022,4,14.0914538497437,14.7254253605501,-0.633971510806455,FALSE,TRUE,1,2022-04-01
"Gros Ventre River 2",2023,4,14.5649717181763,15.0694489388535,-0.50447722067719,FALSE,TRUE,1,2023-04-01
"Gros Ventre River 3",2019,3,14.5940910909612,-0.45029339960295,-8.95561550943581,TRUE,TRUE,2,2019-03-01
"Gros Ventre River 3",2019,4,14.6613797966842,-1.75384197951466,-7.58477822380111,TRUE,TRUE,2,2019-04-01
"Gros Ventre River 3",2019,5,15.0125809917107,-3.33021810146179,-5.65720090682753,TRUE,TRUE,2,2019-05-01
"Gros Ventre River 3",2019,6,14.7609084550343,-3.43599089703757,-5.80310064792809,TRUE,TRUE,2,2019-06-01
"Gros Ventre River 3",2019,7,14.4936387431352,-2.51401974987665,-6.99234150698818,TRUE,TRUE,2,2019-07-01
"Gros Ventre River 3",2019,8,14.5351583881861,-2.00795202810694,-7.45688958370694,TRUE,TRUE,2,2019-08-01
"Gros Ventre River 3",2019,9,14.577843251115,-2.00451863443329,-7.41763811445172,TRUE,TRUE,2,2019-09-01
"Gros Ventre River 3",2019,10,14.7009586368816,-2.33170719764151,-6.96733416547688,TRUE,TRUE,2,2019-10-01
"Gros Ventre River 3",2019,11,14.0875624128159,-1.83340745104617,-8.07903013613791,TRUE,TRUE,2,2019-11-01
"Gros Ventre River 3",2020,3,14.5505756037936,-0.768702475330069,-8.68072192087629,TRUE,TRUE,2,2020-03-01
"Gros Ventre River 3",2020,4,14.5857949968185,-1.97629151501009,-7.43791348817138,TRUE,TRUE,2,2020-04-01
"Gros Ventre River 4",2015,7,14.3954212273973,0.513707925399403,-5.0656551190547,TRUE,TRUE,2,2015-07-01
"Gros Ventre River 4",2015,8,14.2177383217293,-2.0034608620453,-7.77880081622538,TRUE,TRUE,2,2015-08-01
"Gros Ventre River 4",2015,9,14.1746435373505,-2.56138387771647,-7.26397258493307,TRUE,TRUE,2,2015-09-01
"Gros Ventre River 4",2016,7,14.1460538620591,-2.4893251952689,-7.36462094267202,TRUE,TRUE,2,2016-07-01
"Gros Ventre River 4",2016,8,14.1158322083964,-2.09077157425478,-7.79339621734884,TRUE,TRUE,2,2016-08-01
"Gros Ventre River 4",2016,9,13.9898627106663,-2.20846380295602,-7.80167348637768,TRUE,TRUE,2,2016-09-01
"Gros Ventre River 4",2022,4,14.1097921698152,-2.608662268392,-7.28154556179283,TRUE,TRUE,2,2022-04-01
"Gros Ventre River 4",2022,5,14.5753458965231,-3.39869469993713,-6.02595940353974,TRUE,TRUE,2,2022-05-01
"Gros Ventre River 4",2022,6,14.740058001093,-3.54179410485301,-5.71814789405401,TRUE,TRUE,2,2022-06-01
"Gros Ventre River 4",2022,7,14.4380469620102,-3.17313083216997,-6.38882220581985,TRUE,TRUE,2,2022-07-01
"Gros Ventre River 4",2022,8,14.5857130380981,-2.58431686899893,-6.82997009290294,TRUE,TRUE,2,2022-08-01
"Gros Ventre River 4",2022,10,14.5102685461762,-2.06296497325864,-7.42676648056512,TRUE,TRUE,2,2022-10-01
"Gros Ventre River 4",2023,4,14.825568155194,-0.723710180025768,-8.45072166478025,TRUE,TRUE,2,2023-04-01
"Gros Ventre River 5",2020,8,14.7997753977036,10.2470691109603,4.55270628674327,FALSE,TRUE,1,2020-08-01
"Gros Ventre River 5",2020,9,14.4763726046596,10.7151167257926,3.76125587886707,FALSE,TRUE,1,2020-09-01
"Gros Ventre River 5",2021,7,14.699312706712,10.4938455933988,4.20546711331323,FALSE,TRUE,1,2021-07-01
"Gros Ventre River 5",2021,8,14.7073867960732,11.0623399956496,3.64504680042359,FALSE,TRUE,1,2021-08-01
"Gros Ventre River 5",2021,9,14.9134777868522,11.4375063908459,3.47597139600633,FALSE,FALSE,0,2021-09-01
"Gros Ventre River 5",2021,10,14.9594254534926,11.2253316592803,3.73409379421225,FALSE,TRUE,1,2021-10-01
"Gros Ventre River 5",2022,5,14.8751594541953,9.33235093360777,5.54280852058754,TRUE,TRUE,2,2022-05-01
"Gros Ventre River 5",2022,6,15.1618852654829,9.04298762778752,6.11889763769534,TRUE,TRUE,2,2022-06-01
"Gros Ventre River 5",2022,7,14.7611191570751,7.98880247446979,6.77231668260533,TRUE,TRUE,2,2022-07-01
"Gros Ventre River 5",2022,8,14.7681609722443,10.4668183236785,4.30134264856582,FALSE,TRUE,1,2022-08-01
"Gros Ventre River 5",2022,9,14.7718463955215,11.0003715553939,3.77147484012765,FALSE,TRUE,1,2022-09-01
"Gros Ventre River 5",2022,10,14.7989441134431,11.0844216152447,3.71452249819844,FALSE,TRUE,1,2022-10-01
"Gros Ventre River 5",2023,5,15.4818765584344,10.2182777490766,5.26359880935781,TRUE,TRUE,2,2023-05-01
"Gros Ventre River 5",2023,6,15.0642253158977,10.1772234344785,4.88700188141916,FALSE,TRUE,1,2023-06-01
"Gros Ventre River 5",2023,7,14.8776802820426,7.33070015768755,7.54698012435506,TRUE,TRUE,2,2023-07-01
"Gros Ventre River 5",2023,10,14.9073994356873,10.2916569051054,4.61574253058194,FALSE,TRUE,1,2023-10-01
"Gros Ventre River 5",2024,4,14.4646506385154,10.5082020658966,3.95644857261884,FALSE,TRUE,1,2024-04-01
"Gros Ventre River 5",2024,5,14.6207064186591,10.4694745061439,4.15123191251519,FALSE,TRUE,1,2024-05-01
"Gros Ventre River 5",2024,6,14.9142025415192,10.0734292639846,4.84077327753457,FALSE,TRUE,1,2024-06-01
"Gros Ventre River 5",2024,7,14.7081896877192,10.0225101844298,4.68567950328942,FALSE,TRUE,1,2024-07-01
"Gros Ventre River 5",2024,8,14.7238382171653,11.1811264685541,3.54271174861123,FALSE,TRUE,1,2024-08-01
"Gros Ventre River 5",2024,9,14.8357340034285,11.6268808317818,3.20885317164676,FALSE,FALSE,0,2024-09-01
"Hoback River 1",2020,7,14.548959522207,-1.63422986729155,-7.81681061050145,TRUE,TRUE,2,2020-07-01
"Hoback River 1",2020,8,14.4543864896435,-1.28359125726358,-8.26202225309293,TRUE,TRUE,2,2020-08-01
"Hoback River 1",2020,9,14.3762259378293,-1.42905165866008,-8.19472240351066,TRUE,TRUE,2,2020-09-01
"Hoback River 1",2020,10,14.2834476590342,-1.05935535761092,-8.65719698335487,TRUE,TRUE,2,2020-10-01
"Hoback River 1",2021,3,14.3925659625259,-0.783456142614011,-8.82397789486008,TRUE,TRUE,2,2021-03-01
"Hoback River 1",2021,4,14.6029257997165,-1.46427356364372,-7.93280063663976,TRUE,TRUE,2,2021-04-01
"Hoback River 1",2021,5,14.925639755267,-3.07163808343762,-5.11383327240648,TRUE,TRUE,2,2021-05-01
"Hoback River 1",2021,6,14.7364522485245,-1.98204026583086,-7.28150748564461,TRUE,TRUE,2,2021-06-01
"Hoback River 1",2021,9,14.4938796298963,-1.02766720876593,-8.47845316133779,TRUE,TRUE,2,2021-09-01
"Hoback River 1",2021,10,14.5681799650948,-0.804015662156977,-8.62780437274819,TRUE,TRUE,2,2021-10-01
"Hoback River 1",2021,11,13.8106222575891,-1.50914284668406,-8.68023489572684,TRUE,TRUE,2,2021-11-01
"Hoback River 1",2022,3,14.5602215449519,-0.779005217810942,-8.66077323723721,TRUE,TRUE,2,2022-03-01
"Hoback River 1",2022,4,14.5169425509913,-0.85977613102732,-8.62328131798134,TRUE,TRUE,2,2022-04-01
"Hoback River 1",2022,5,14.9700698367098,-1.8301881656853,-7.19974199760493,TRUE,TRUE,2,2022-05-01
"Hoback River 1",2022,6,14.791124372143,-2.16778984787519,-7.04108577998183,TRUE,TRUE,2,2022-06-01
"Hoback River 1",2022,7,14.4959162099127,-1.43532631788096,-8.06875747220636,TRUE,TRUE,2,2022-07-01
"Hoback River 1",2022,8,14.5353983738808,-1.04618028006549,-8.4184213460537,TRUE,TRUE,2,2022-08-01
"Hoback River 2",2021,5,15.0796954648448,11.7615061407441,3.31818932410067,FALSE,FALSE,0,2021-05-01
"Hoback River 2",2021,6,14.7132975276342,11.7747790990018,2.9385184286324,FALSE,FALSE,0,2021-06-01
"Hoback River 2",2021,11,14.006736547608,11.8377037982171,2.16903274939094,FALSE,FALSE,0,2021-11-01
"Hoback River 2",2022,3,14.7102924930247,12.2475203132182,2.46277217980647,FALSE,FALSE,0,2022-03-01
"Hoback River 2",2022,4,14.4373196452346,12.4276805499917,2.00963909524285,FALSE,FALSE,0,2022-04-01
"Hoback River 2",2022,5,14.7429737306402,11.8162912136385,2.92668251700173,FALSE,FALSE,0,2022-05-01
"Hoback River 2",2022,6,14.7780988982462,11.474433551344,3.30366534690219,FALSE,FALSE,0,2022-06-01
"Hoback River 2",2022,7,14.5140953039544,11.9575246264705,2.55657067748393,FALSE,FALSE,0,2022-07-01
"Hoback River 3",2021,5,15.2823479527567,13.6966575575249,1.5856903952318,FALSE,FALSE,0,2021-05-01
"Hoback River 3",2021,6,14.6397724950414,12.7604192881392,1.87935320690216,FALSE,FALSE,0,2021-06-01
"Hoback River 3",2021,7,14.7832486647016,12.0954374678476,2.68781119685399,FALSE,FALSE,0,2021-07-01
"Hoback River 3",2021,8,14.7463537556644,11.8733893737406,2.87296438192383,FALSE,FALSE,0,2021-08-01
"Hoback River 3",2021,9,14.8156519491231,11.7492591208806,3.06639282824252,FALSE,FALSE,0,2021-09-01
"Hoback River 3",2021,10,14.6708625210905,12.0063280978914,2.6645344231992,FALSE,FALSE,0,2021-10-01
"Hoback River 3",2022,4,14.488129185657,12.4560268573662,2.03210232829076,FALSE,FALSE,0,2022-04-01
"Hoback River 3",2022,5,14.9177775223059,13.5676163979842,1.35016112432163,FALSE,FALSE,0,2022-05-01
"Hoback River 3",2022,8,14.7940317180742,13.1151936290888,1.67883808898539,FALSE,FALSE,0,2022-08-01
"Hoback River 3",2022,9,14.7627149217983,12.9848333973622,1.77788152443612,FALSE,FALSE,0,2022-09-01
"Hoback River 3",2022,10,14.6112965493922,13.1330835580454,1.47821299134682,FALSE,FALSE,0,2022-10-01
"Hoback River 3",2023,8,14.7416250217748,8.26492020620944,6.47670481556538,TRUE,TRUE,2,2023-08-01
"Hoback River 3",2023,9,14.8969883324325,9.01472443807966,5.88226389435287,TRUE,TRUE,2,2023-09-01
"Hoback River 3",2023,10,14.8693616874622,11.6800120165057,3.1893496709565,FALSE,FALSE,0,2023-10-01
"Hoback River 3",2024,3,14.5074429728551,12.0137661535171,2.493676819338,FALSE,FALSE,0,2024-03-01
"Hoback River 3",2024,4,14.6686334309898,12.9588315993646,1.70980183162514,FALSE,FALSE,0,2024-04-01
"Hoback River 3",2024,5,14.8542870608922,13.7277819621559,1.12650509873625,FALSE,FALSE,0,2024-05-01
"Hoback River 3",2024,6,14.9254200865914,13.3543197221825,1.57110036440897,FALSE,FALSE,0,2024-06-01
"Hoback River 3",2024,7,14.7206454964505,12.1002464556645,2.62039904078601,FALSE,FALSE,0,2024-07-01
"Hoback River 3",2024,8,14.7890400219304,11.8757292809409,2.91331074098951,FALSE,FALSE,0,2024-08-01
"Hoback River 3",2024,9,14.8992306281948,11.761409428944,3.13782119925075,FALSE,FALSE,0,2024-09-01
"Indy Creek",2023,5,15.0207938094488,14.955847588209,0.0649462212397995,FALSE,FALSE,0,2023-05-01
"Indy Creek",2023,6,14.6567050410581,14.8320403539946,-0.175335312936564,FALSE,FALSE,0,2023-06-01
"Lake Creek",2021,5,14.6674429880864,12.222839752522,2.44460323556435,FALSE,FALSE,0,2021-05-01
"Lake Creek",2021,6,14.3435378737787,12.2080435509885,2.13549432279019,FALSE,FALSE,0,2021-06-01
"Lake Creek",2021,7,14.2563224095049,12.0850441362231,2.17127827328184,FALSE,FALSE,0,2021-07-01
"Lake Creek",2021,8,14.1219813221551,11.9889028095459,2.13307851260921,FALSE,FALSE,0,2021-08-01
"Lake Creek",2021,9,13.923555617705,11.5507527016512,2.37280291605372,FALSE,FALSE,0,2021-09-01
"Lake Creek",2021,10,14.4719052837611,11.5133771434336,2.95852814032752,FALSE,FALSE,0,2021-10-01
"Lake Creek",2022,5,14.4739014656779,12.4597880267012,2.01411343897671,FALSE,FALSE,0,2022-05-01
"Lake Creek",2022,6,14.4886788156039,12.1593199411017,2.32935887450217,FALSE,FALSE,0,2022-06-01
"Lake Creek",2022,7,14.2166776230428,11.9408400991678,2.27583752387504,FALSE,FALSE,0,2022-07-01
"Lake Creek",2022,8,14.0917708012163,12.2566179291854,1.83515287203087,FALSE,FALSE,0,2022-08-01
"Lake Creek",2022,9,13.882982343741,11.3813080628896,2.50167428085137,FALSE,FALSE,0,2022-09-01
"Lava Creek",2020,6,14.4738607439427,12.0399848050464,2.43387593889635,FALSE,FALSE,0,2020-06-01
"Lava Creek",2020,7,14.4033369076401,11.8803805227892,2.52295638485092,FALSE,FALSE,0,2020-07-01
"Lava Creek",2020,9,14.1687580847043,11.9441166724297,2.22464141227456,FALSE,FALSE,0,2020-09-01
"Lava Creek",2020,10,14.0923262712115,11.7033213837288,2.38900488748266,FALSE,FALSE,0,2020-10-01
"Lava Creek",2021,6,14.4400798208138,12.1270292011174,2.31305061969637,FALSE,FALSE,0,2021-06-01
"Lava Creek",2021,7,14.4258999069962,12.2184152072313,2.20748469976489,FALSE,FALSE,0,2021-07-01
"Lava Creek",2021,8,14.3659649434499,11.9621313571285,2.40383358632141,FALSE,FALSE,0,2021-08-01
"Lava Creek",2021,9,14.3346526839188,11.7744307388201,2.56022194509868,FALSE,FALSE,0,2021-09-01
"Lava Creek",2021,10,14.7606593388444,11.9619351461271,2.79872419271731,FALSE,FALSE,0,2021-10-01
"Lava Creek",2022,4,14.2346414246631,12.5686725909993,1.66596883366385,FALSE,FALSE,0,2022-04-01
"Lava Creek",2022,5,14.7642212323212,12.7202079477983,2.04401328452284,FALSE,FALSE,0,2022-05-01
"Lava Creek",2022,6,14.5968264908958,12.2944181767983,2.30240831409749,FALSE,FALSE,0,2022-06-01
"Lava Creek",2022,7,14.3918143505572,11.8915515699003,2.50026278065692,FALSE,FALSE,0,2022-07-01
"Lava Creek",2022,8,14.4057967349908,11.8038538300395,2.60194290495129,FALSE,FALSE,0,2022-08-01
"Lava Creek",2022,9,14.3351198809917,11.5269766325638,2.80814324842783,FALSE,FALSE,0,2022-09-01
"Lava Creek",2022,10,14.4204555745859,11.5866267846798,2.83382878990606,FALSE,FALSE,0,2022-10-01
"Lava Creek",2023,5,14.8390648928464,12.9688877168125,1.87017717603387,FALSE,FALSE,0,2023-05-01
"Lava Creek",2023,6,14.6266709990768,12.0843214713057,2.54234952777108,FALSE,FALSE,0,2023-06-01
"Lava Creek",2023,7,14.4545914388877,8.37352595407446,6.08106548481327,TRUE,TRUE,2,2023-07-01
"Lava Creek",2023,8,14.4315995581457,8.48554559558562,5.94605396256011,TRUE,TRUE,2,2023-08-01
"Lava Creek",2023,9,14.4572002627225,8.76864499860204,5.68855526412047,TRUE,TRUE,2,2023-09-01
"Lava Creek",2023,10,14.4653964376307,11.587209461598,2.87818697603262,FALSE,FALSE,0,2023-10-01
"Lava Creek",2024,4,14.3424240209124,12.922286444341,1.42013757657143,FALSE,FALSE,0,2024-04-01
"Lava Creek",2024,5,14.4434833198077,12.944460742714,1.49902257709372,FALSE,FALSE,0,2024-05-01
"Lava Creek",2024,6,14.4310865571774,12.3219888441858,2.10909771299161,FALSE,FALSE,0,2024-06-01
"Lava Creek",2024,7,14.234213976779,12.0371387856862,2.19707519109286,FALSE,FALSE,0,2024-07-01
"Lava Creek",2024,8,14.3714990130548,12.1244676918189,2.24703132123591,FALSE,FALSE,0,2024-08-01
"Leidy Creek",2018,10,14.8477774794754,12.8179618998664,2.02981557960902,FALSE,FALSE,0,2018-10-01
"Leidy Creek",2019,3,14.5213934033907,11.3764756827527,3.14491772063798,FALSE,FALSE,0,2019-03-01
"Leidy Creek",2019,4,14.8848724448287,13.6704461475294,1.21442629729929,FALSE,FALSE,0,2019-04-01
"Leidy Creek",2019,5,15.0329663020141,14.704093960796,0.328872341218151,FALSE,FALSE,0,2019-05-01
"Leidy Creek",2019,6,14.9049192087301,14.5063038909696,0.398615317760546,FALSE,FALSE,0,2019-06-01
"Leidy Creek",2019,7,14.7032616646084,13.9837922985317,0.719469366076747,FALSE,FALSE,0,2019-07-01
"Leidy Creek",2019,8,14.5791019637229,13.5758489268029,1.00325303691995,FALSE,FALSE,0,2019-08-01
"Leidy Creek",2019,9,14.6680016910923,13.4540207874836,1.21398090360863,FALSE,FALSE,0,2019-09-01
"Leidy Creek",2019,10,14.6501104772882,12.8331895450477,1.81692093224043,FALSE,FALSE,0,2019-10-01
"Leidy Creek",2020,3,14.6801412036622,11.4221210848564,3.25802011880578,FALSE,FALSE,0,2020-03-01
"Leidy Creek",2020,4,14.6976881696558,13.4547376448357,1.24295052482012,FALSE,FALSE,0,2020-04-01
"Leidy Creek",2020,5,14.8904098876828,15.286113073021,-0.395703185338207,FALSE,FALSE,0,2020-05-01
"Leidy Creek",2020,6,14.8876186669291,14.5277390840709,0.359879582858171,FALSE,FALSE,0,2020-06-01
"Leidy Creek",2020,7,14.6576270667366,14.0022303184708,0.655396748265743,FALSE,FALSE,0,2020-07-01
"Leidy Creek",2020,8,14.4979701499387,13.5669061514761,0.931063998462632,FALSE,FALSE,0,2020-08-01
"Leidy Creek",2020,9,14.3406657566529,13.1285154922441,1.21215026440878,FALSE,FALSE,0,2020-09-01
"Leidy Creek",2020,10,14.4554724792867,12.9581206083775,1.4973518709092,FALSE,FALSE,0,2020-10-01
"Leidy Creek",2021,3,14.4534884905816,11.0515519254202,3.40193656516133,FALSE,FALSE,0,2021-03-01
"Leidy Creek",2021,4,14.59644761084,13.4557681311797,1.1406794796603,FALSE,FALSE,0,2021-04-01
"Leidy Creek",2021,5,14.9576505038686,14.8763696271067,0.0812808767618858,FALSE,FALSE,0,2021-05-01
"Leidy Creek",2021,6,14.6617033797429,14.1895279660988,0.472175413644088,FALSE,FALSE,0,2021-06-01
"Leidy Creek",2021,7,14.7575684150125,13.577951954133,1.17961646087946,FALSE,FALSE,0,2021-07-01
"Leidy Creek",2021,8,14.5765266117478,13.4941032286252,1.08242338312258,FALSE,FALSE,0,2021-08-01
"Leidy Creek",2021,9,14.5464600871725,13.1220021471695,1.42445794000304,FALSE,FALSE,0,2021-09-01
"Leidy Creek",2021,10,14.5600330410669,13.1163547905507,1.44367825051618,FALSE,FALSE,0,2021-10-01
"Leidy Creek",2022,3,14.4923082376697,11.1141453936027,3.37816284406704,FALSE,FALSE,0,2022-03-01
"Leidy Creek",2022,4,14.4741041765694,12.8305078205886,1.64359635598083,FALSE,FALSE,0,2022-04-01
"Leidy Creek",2022,5,14.7696825006444,14.8231102756718,-0.0534277750274082,FALSE,FALSE,0,2022-05-01
"Leidy Creek",2022,6,14.8271606758021,14.6496369048866,0.177523770915427,FALSE,FALSE,0,2022-06-01
"Leidy Creek",2022,7,14.5746181361063,14.0246358506433,0.549982285463011,FALSE,FALSE,0,2022-07-01
"Leidy Creek",2022,8,14.6962924301173,13.715031460133,0.981260969984272,FALSE,FALSE,0,2022-08-01
"Leidy Creek",2022,9,14.707978490821,13.3683308227536,1.33964766806734,FALSE,FALSE,0,2022-09-01
"Leidy Creek",2022,10,14.3846140406557,12.7705922834602,1.61402175719544,FALSE,FALSE,0,2022-10-01
"Little Bar BC Creek",2020,6,14.3696011915111,12.9793440423605,1.39025714915058,FALSE,FALSE,0,2020-06-01
"Little Bar BC Creek",2020,7,14.3371995286565,12.3892941972475,1.94790533140898,FALSE,FALSE,0,2020-07-01
"Little Bar BC Creek",2020,8,14.0953108091944,11.8288676261214,2.26644318307302,FALSE,FALSE,0,2020-08-01
"Little Bar BC Creek",2020,9,13.9565198688322,12.0408094132105,1.91571045562165,FALSE,FALSE,0,2020-09-01
"Little Bar BC Creek",2020,10,13.7095788021579,12.9405236392437,0.769055162914185,FALSE,FALSE,0,2020-10-01
"Little Bar BC Creek",2020,12,13.1709517021295,12.9479673662185,0.222984335910976,FALSE,FALSE,0,2020-12-01
"Little Bar BC Creek",2021,2,13.705520596897,12.9146354310023,0.790885165894733,FALSE,FALSE,0,2021-02-01
"Little Bar BC Creek",2021,3,14.1356356109781,12.7908999844509,1.34473562652724,FALSE,FALSE,0,2021-03-01
"Little Bar BC Creek",2021,4,14.4180168226463,12.9431715187274,1.47484530391883,FALSE,FALSE,0,2021-04-01
"Little Bar BC Creek",2021,5,14.6402921385915,13.4970389799064,1.14325315868511,FALSE,FALSE,0,2021-05-01
"Little Bar BC Creek",2021,6,14.362573277254,13.4015275144198,0.961045762834206,FALSE,FALSE,0,2021-06-01
"Little Bar BC Creek",2021,8,14.0498119443551,13.4221909474203,0.627620996934807,FALSE,FALSE,0,2021-08-01
"Little Bar BC Creek",2023,3,14.0314009014941,12.2875191327457,1.7438817687484,FALSE,FALSE,0,2023-03-01
"Little Bar BC Creek",2023,4,14.604258051166,12.0666094698096,2.53764858135633,FALSE,FALSE,0,2023-04-01
"Little Bar BC Creek",2023,5,14.9547794816621,12.8143247812386,2.14045470042352,FALSE,FALSE,0,2023-05-01
"Little Bar BC Creek",2023,6,14.7026057125277,12.9964546341461,1.70615107838167,FALSE,FALSE,0,2023-06-01
"Little Grey's River",2023,8,14.1298387842156,5.95630909193907,8.17352969227651,TRUE,TRUE,2,2023-08-01
"Little Grey's River",2023,9,13.8738336147386,5.80442036263795,8.06941325210066,TRUE,TRUE,2,2023-09-01
"Little Grey's River",2023,10,14.1849750444815,5.33132630955135,8.8536487349302,TRUE,TRUE,2,2023-10-01
"Little Grey's River",2024,3,13.6533716885356,4.97568721392094,8.67768447461466,TRUE,TRUE,2,2024-03-01
"Little Grey's River",2024,4,13.861773490765,5.37158888065468,8.49018461011029,TRUE,TRUE,2,2024-04-01
"Little Grey's River",2024,5,14.1923202554034,4.86396169513745,8.18550141740881,TRUE,TRUE,2,2024-05-01
"Little Grey's River",2024,6,14.2493874186258,4.88725966537146,9.3621277532543,TRUE,TRUE,2,2024-06-01
"Lower Bar BC Creek 1",2020,6,14.3696011915111,13.9606592423177,0.40894194919337,FALSE,FALSE,0,2020-06-01
"Lower Bar BC Creek 1",2020,7,14.3371995286565,13.5412526352229,0.795946893433624,FALSE,FALSE,0,2020-07-01
"Lower Bar BC Creek 1",2020,8,14.0953108091944,13.8748081413473,0.220502667847032,FALSE,FALSE,0,2020-08-01
"Lower Bar BC Creek 1",2020,9,13.9463446279281,13.481218358295,0.465126269633086,FALSE,FALSE,0,2020-09-01
"Lower Bar BC Creek 1",2020,10,13.6677810788694,13.3761246564202,0.291656422449189,FALSE,FALSE,0,2020-10-01
"Lower Bar BC Creek 1",2021,2,13.7229643356573,13.973086064929,-0.250121729271707,FALSE,FALSE,0,2021-02-01
"Lower Bar BC Creek 1",2021,3,14.1356356109781,14.0891902602354,0.046445350742754,FALSE,FALSE,0,2021-03-01
"Lower Bar BC Creek 1",2021,4,14.4180168226463,14.6112839335413,-0.19326711089509,FALSE,FALSE,0,2021-04-01
"Lower Bar BC Creek 1",2021,5,14.6177886677428,14.7906477007765,-0.172859033033669,FALSE,FALSE,0,2021-05-01
"Lower Bar BC Creek 1",2021,6,14.3440015191389,14.6198693711248,-0.27586785198589,FALSE,FALSE,0,2021-06-01
"Lower Bar BC Creek 1",2021,7,14.1410634301482,14.5815388094719,-0.440475379323757,FALSE,FALSE,0,2021-07-01
"Lower Bar BC Creek 1",2022,8,14.0903465818034,15.1191287930579,-1.02878221125453,FALSE,TRUE,1,2022-08-01
"Lower Bar BC Creek 1",2022,9,13.9896036019096,14.5525492739696,-0.562945672059946,FALSE,TRUE,1,2022-09-01
"Lower Bar BC Creek 1",2022,10,13.776552121479,14.2979187881806,-0.521366666701614,FALSE,TRUE,1,2022-10-01
"Lower Bar BC Creek 1",2023,3,13.9822350944258,13.6227311829327,0.359503911493118,FALSE,FALSE,0,2023-03-01
"Lower Bar BC Creek 1",2023,4,14.604258051166,13.7883867431502,0.815871308015775,FALSE,FALSE,0,2023-04-01
"Lower Bar BC Creek 1",2023,5,14.9547794816621,14.1759063931301,0.77887308853205,FALSE,FALSE,0,2023-05-01
"Lower Bar BC Creek 1",2023,6,14.8968297788701,14.3390456919813,0.557784086888791,FALSE,FALSE,0,2023-06-01
"Lower Bar BC Creek 2",2019,5,14.9119038764536,12.5444685315438,2.36743534490976,FALSE,FALSE,0,2019-05-01
"Lower Bar BC Creek 2",2019,6,14.5666261221111,12.4995481874294,2.0670779346817,FALSE,FALSE,0,2019-06-01
"Lower Bar BC Creek 2",2019,7,14.2144653211371,12.4076488960633,1.80681642507381,FALSE,FALSE,0,2019-07-01
"Lower Bar BC Creek 2",2019,8,14.0510491789599,12.1979768009634,1.85307237799654,FALSE,FALSE,0,2019-08-01
"Lower Bar BC Creek 2",2019,9,14.4928549026364,12.1865969675408,2.30625793509562,FALSE,FALSE,0,2019-09-01
"Lower Bar BC Creek 2",2019,10,14.4170634429083,11.7015698264757,2.71549361643261,FALSE,FALSE,0,2019-10-01
"Lower Bar BC Creek 2",2020,2,13.6614791990488,11.4898405991642,2.17163859988458,FALSE,FALSE,0,2020-02-01
"Lower Bar BC Creek 2",2020,3,14.4797812921379,12.1324201000133,2.3473611921246,FALSE,FALSE,0,2020-03-01
"Lower Bar BC Creek 2",2020,4,14.1708304673307,12.4165946687676,1.75423579856314,FALSE,FALSE,0,2020-04-01
"Lower Bar BC Creek 2",2020,5,14.6826650798636,13.1913545842673,1.49131049559636,FALSE,FALSE,0,2020-05-01
"Lower Bar BC Creek 2",2020,6,14.351062627165,15.4565666701119,-1.10550404294694,FALSE,TRUE,1,2020-06-01
"Lower Bar BC Creek 2",2020,7,14.3227232318837,15.08934813766,-0.766624905776311,FALSE,TRUE,1,2020-07-01
"Lower Bar BC Creek 2",2020,8,14.0967888374599,14.7896628364232,-0.692873998963328,FALSE,TRUE,1,2020-08-01
"Lower Bar BC Creek 2",2020,9,13.955210889603,14.2758627592683,-0.320651869665218,FALSE,FALSE,0,2020-09-01
"Lower Bar BC Creek 2",2021,7,14.2150169910613,12.6218465701925,1.59317042086883,FALSE,FALSE,0,2021-07-01
"Lower Bar BC Creek 2",2021,8,14.1561919782045,12.4464736123647,1.70971836583983,FALSE,FALSE,0,2021-08-01
"Lower Bar BC Creek 2",2021,9,13.9249063870604,12.1594371591378,1.76546922792257,FALSE,FALSE,0,2021-09-01
"Lower Bar BC Creek 2",2021,10,14.4770537474574,12.0742653457055,2.40278840175189,FALSE,FALSE,0,2021-10-01
"Lower Bar BC Creek 2",2022,2,13.9504914946748,11.7462537844315,2.20423771024328,FALSE,FALSE,0,2022-02-01
"Lower Bar BC Creek 2",2022,3,14.453507533882,12.1557735475446,2.29773398633743,FALSE,FALSE,0,2022-03-01
"Lower Bar BC Creek 2",2022,4,14.4603391268664,12.5061052619411,1.95423386492526,FALSE,FALSE,0,2022-04-01
"Lower Bar BC Creek 2",2022,5,14.4803466593383,12.8533337736454,1.62701288569285,FALSE,FALSE,0,2022-05-01
"Lower Bar BC Creek 2",2022,6,14.5007261672938,12.892813588932,1.60791257836183,FALSE,FALSE,0,2022-06-01
"Lower Bar BC Creek 2",2022,7,14.23273296684,12.6219621950788,1.61077077176128,FALSE,FALSE,0,2022-07-01
"Lower Bar BC Creek 2",2022,8,14.0896249517926,12.5586362502602,1.5309887015324,FALSE,FALSE,0,2022-08-01
"Lower Bar BC Creek 2",2022,9,13.8906409744352,12.0817940223598,1.80884695207537,FALSE,FALSE,0,2022-09-01
"Lower Bar BC Creek 2",2022,10,13.781363744645,11.937336606149,1.84402713849593,FALSE,FALSE,0,2022-10-01
"Lower Bar BC Creek 2",2023,3,13.9254712939581,12.3166050600497,1.60886623390841,FALSE,FALSE,0,2023-03-01
"Lower Bar BC Creek 2",2023,4,14.6057655742248,12.5591044314986,2.04666114272618,FALSE,FALSE,0,2023-04-01
"Lower Bar BC Creek 2",2023,5,14.955740633884,13.0262428313155,1.9294978025685,FALSE,FALSE,0,2023-05-01
"Lower Bar BC Creek 2",2023,6,14.8210027366715,13.1563161479976,1.66468658867399,FALSE,FALSE,0,2023-06-01
"Lower Bar BC Creek 3",2019,5,14.6737568674251,14.490084258349,0.183672609076114,FALSE,FALSE,0,2019-05-01
"Lower Bar BC Creek 3",2019,6,14.5858243621898,14.6845020125439,-0.0986776503541608,FALSE,FALSE,0,2019-06-01
"Lower Bar BC Creek 3",2019,7,14.2092802104652,14.5827840944349,-0.373503883969771,FALSE,FALSE,0,2019-07-01
"Lower Bar BC Creek 3",2019,8,14.0614397223436,14.342888431034,-0.28144870869043,FALSE,FALSE,0,2019-08-01
"Lower Bar BC Creek 3",2019,9,14.4634865567712,14.2774035336046,0.186083023166652,FALSE,FALSE,0,2019-09-01
"Lower Bar BC Creek 3",2020,6,14.3696011907022,14.5154285390548,-0.145827348352657,FALSE,FALSE,0,2020-06-01
"Lower Bar BC Creek 3",2020,7,14.3234888304637,14.2006047407096,0.122884089754101,FALSE,FALSE,0,2020-07-01
"Lower Bar BC Creek 3",2020,8,14.0953108115047,14.029678344725,0.0656324667797006,FALSE,FALSE,0,2020-08-01
"Lower Bar BC Creek 3",2020,9,13.9463446285844,13.5322613909521,0.414083237632317,FALSE,FALSE,0,2020-09-01
"Lower Bar BC Creek 3",2020,10,13.6677810791548,13.4665471530716,0.201233926083236,FALSE,FALSE,0,2020-10-01
"Lower Bar BC Creek 3",2021,3,14.0824768016837,14.0082547929671,0.0742220087165825,FALSE,FALSE,0,2021-03-01
"Lower Bar BC Creek 3",2021,4,14.4180168230432,14.8179794407553,-0.399962617712131,FALSE,FALSE,0,2021-04-01
"Lower Bar BC Creek 3",2021,5,14.5901340865771,15.3025951018554,-0.712461015278352,FALSE,TRUE,1,2021-05-01
"Lower Bar BC Creek 3",2021,6,14.3440015182775,15.3390463989757,-0.995044880698251,FALSE,TRUE,1,2021-06-01
"Lower Bar BC Creek 3",2021,7,14.1410634329536,15.0067747649457,-0.865711331992151,FALSE,TRUE,1,2021-07-01
"Lower Bar BC Creek 3",2021,8,14.1252653439032,15.1716034793997,-1.04633813549646,FALSE,TRUE,1,2021-08-01
"Lower Bar BC Creek 3",2021,9,13.8704499543694,14.8290715613893,-0.958621607019894,FALSE,TRUE,1,2021-09-01
"Lower Bar BC Creek 3",2021,10,14.4412058900485,14.7901888885667,-0.348982998518165,FALSE,FALSE,0,2021-10-01
"Lower Bar BC Creek 3",2022,8,14.1134723009424,15.4488882046745,-1.33541590373211,FALSE,TRUE,1,2022-08-01
"Lower Bar BC Creek 3",2022,9,13.8679408696934,14.8710330256908,-1.00309215599741,FALSE,TRUE,1,2022-09-01
"Lower Bar BC Creek 3",2022,10,13.6970549046961,14.7560908323348,-1.05903592763874,FALSE,TRUE,1,2022-10-01
"Lower Bar BC Creek 4",2020,6,14.3241911397553,15.5840179653733,-1.25982682561796,FALSE,TRUE,1,2020-06-01
"Lower Bar BC Creek 4",2020,7,14.337199530878,15.2203163768116,-0.88311684593357,FALSE,TRUE,1,2020-07-01
"Lower Bar BC Creek 4",2020,8,14.0953108115047,15.1219252298317,-1.02661441832708,FALSE,TRUE,1,2020-08-01
"Lower Bar BC Creek 4",2020,9,13.9463446285844,14.4079418356627,-0.46159720707837,FALSE,FALSE,0,2020-09-01
"Lower Bar BC Creek 4",2020,10,13.7041090251293,14.0143025639922,-0.310193538862923,FALSE,FALSE,0,2020-10-01
"Lower Bar BC Creek 4",2021,3,14.1356356114528,14.4567928652882,-0.321157253835411,FALSE,FALSE,0,2021-03-01
"Lower Bar BC Creek 4",2021,4,14.4180168230432,15.3690461752593,-0.951029352216097,FALSE,TRUE,1,2021-04-01
"Lower Bar BC Creek 4",2021,5,14.5901340865771,15.7846582354734,-1.19452414889634,FALSE,TRUE,1,2021-05-01
"Lower Bar BC Creek 4",2021,6,14.3440015182775,15.8396859655328,-1.49568444725536,FALSE,TRUE,1,2021-06-01
"Lower Bar BC Creek 4",2021,7,14.1410634329536,15.5112627013839,-1.37019926843031,FALSE,TRUE,1,2021-07-01
"Lower Bar BC Creek 4",2021,8,14.1252653439032,16.1255045423412,-2.00023919843794,TRUE,TRUE,2,2021-08-01
"Lower Bar BC Creek 4",2021,9,13.9265182987397,15.591239599501,-1.66472130076127,FALSE,TRUE,1,2021-09-01
"Lower Bar BC Creek 4",2022,8,14.1825170257161,15.850538809503,-1.66802178378698,FALSE,TRUE,1,2022-08-01
"Mosquito Creek 1",2020,6,14.7160561784574,11.8268218458979,2.88923433255945,FALSE,FALSE,0,2020-06-01
"Mosquito Creek 1",2020,7,14.4214037449625,11.3393940268748,3.08200971808766,FALSE,FALSE,0,2020-07-01
"Mosquito Creek 1",2020,8,14.4706498888272,11.1763297964604,3.29432009236689,FALSE,FALSE,0,2020-08-01
"Mosquito Creek 1",2020,9,14.3775868603548,10.6164252676997,3.7611615926551,FALSE,TRUE,1,2020-09-01
"Mosquito Creek 1",2020,10,14.5423129249348,10.3647921917637,4.17752073317107,FALSE,TRUE,1,2020-10-01
"Mosquito Creek 1",2021,5,14.9311114241003,12.6469207245246,2.28419069957571,FALSE,FALSE,0,2021-05-01
"Mosquito Creek 1",2021,6,14.4848999732373,11.719214607764,2.76568536547328,FALSE,FALSE,0,2021-06-01
"Mosquito Creek 1",2021,7,14.3242469298181,11.6904094080138,2.6338375218043,FALSE,FALSE,0,2021-07-01
"Mosquito Creek 1",2021,8,14.5358399191961,11.7195049512443,2.81633496795177,FALSE,FALSE,0,2021-08-01
"Mosquito Creek 1",2021,9,14.6958888214752,11.162312061508,3.53357675996723,FALSE,TRUE,1,2021-09-01
"Mosquito Creek 1",2021,10,14.8800767632484,10.4986636165466,4.38141314670178,FALSE,TRUE,1,2021-10-01
"Mosquito Creek 1",2022,4,14.807959985703,11.8779645895975,2.92999539610558,FALSE,FALSE,0,2022-04-01
"Mosquito Creek 1",2022,5,14.8585538734874,12.8081688178952,2.05038505559225,FALSE,FALSE,0,2022-05-01
"Mosquito Creek 1",2022,6,14.7249326629592,11.7701066134697,2.95482604948945,FALSE,FALSE,0,2022-06-01
"Mosquito Creek 1",2022,7,14.329567686393,11.467481011863,2.86208667453002,FALSE,FALSE,0,2022-07-01
"Mosquito Creek 1",2022,8,14.3407599802887,11.6976450476122,2.64311493267644,FALSE,FALSE,0,2022-08-01
"Mosquito Creek 1",2022,9,14.3999385512983,11.396568689188,3.00336986211032,FALSE,FALSE,0,2022-09-01
"Mosquito Creek 1",2022,10,14.3821541780774,10.5183445913305,3.86380958674686,FALSE,TRUE,1,2022-10-01
"Mosquito Creek 1",2023,5,15.1416224785345,13.8026335605456,1.33898891798892,FALSE,FALSE,0,2023-05-01
"Mosquito Creek 1",2023,6,14.7094976513496,12.1969199456164,2.51257770573312,FALSE,FALSE,0,2023-06-01
"Mosquito Creek 1",2023,7,14.5270481083427,8.36949241161387,6.15755569672881,TRUE,TRUE,2,2023-07-01
"Mosquito Creek 1",2023,8,14.5271912580334,7.92693898565021,6.60025227238314,TRUE,TRUE,2,2023-08-01
"Mosquito Creek 1",2023,9,14.7404659044467,8.00931941653011,6.73114648791655,TRUE,TRUE,2,2023-09-01
"Mosquito Creek 1",2023,10,14.8506261866919,10.1285071895262,4.72211899716573,FALSE,TRUE,1,2023-10-01
"Mosquito Creek 1",2024,4,14.4316908753972,13.4581653065665,0.973525568830658,FALSE,FALSE,0,2024-04-01
"Mosquito Creek 1",2024,5,14.783766443062,13.1239906630597,1.65977578000233,FALSE,FALSE,0,2024-05-01
"Mosquito Creek 1",2024,6,14.644342143801,12.1693245805926,2.47501756320843,FALSE,FALSE,0,2024-06-01
"Mosquito Creek 1",2024,7,14.3861846866974,11.3648354248736,3.02134926182381,FALSE,FALSE,0,2024-07-01
"Mosquito Creek 1",2024,8,14.4542718498306,11.2437093670966,3.21056248273396,FALSE,FALSE,0,2024-08-01
"Mosquito Creek 1",2024,9,14.551978419054,10.947499484556,3.60447893449804,FALSE,TRUE,1,2024-09-01
"Mosquito Creek 2",2022,8,14.3331979692242,11.0967560855696,3.23644188365461,FALSE,FALSE,0,2022-08-01
"Mosquito Creek 2",2022,9,14.4127816117232,10.8348247466097,3.57795686511355,FALSE,TRUE,1,2022-09-01
"Mosquito Creek 2",2022,10,14.3810515487409,10.1674524702311,4.21359907850981,FALSE,TRUE,1,2022-10-01
"Nowlin Creek",2020,6,14.3696011915111,12.7496722319473,1.61992895956378,FALSE,FALSE,0,2020-06-01
"Nowlin Creek",2020,7,14.3371995286565,12.5444052161948,1.79279431246175,FALSE,FALSE,0,2020-07-01
"Nowlin Creek",2020,8,14.0953108091944,12.4291822051689,1.66612860402551,FALSE,FALSE,0,2020-08-01
"Nowlin Creek",2020,9,13.9463446279281,12.4202772505656,1.5260673773625,FALSE,FALSE,0,2020-09-01
"Nowlin Creek",2020,10,13.7095788021579,12.55527581758,1.15430298457783,FALSE,FALSE,0,2020-10-01
"Nowlin Creek",2021,3,14.074545445598,12.4703363255452,1.60420912005279,FALSE,FALSE,0,2021-03-01
"Nowlin Creek",2021,4,14.4180168226463,12.7824891705458,1.63552765210046,FALSE,FALSE,0,2021-04-01
"Nowlin Creek",2021,5,14.6402921385915,12.900689853555,1.73960228503652,FALSE,FALSE,0,2021-05-01
"Nowlin Creek",2021,6,14.3440015191389,12.5138816017126,1.83011991742632,FALSE,FALSE,0,2021-06-01
"Nowlin Creek",2021,7,14.2569085908012,13.1063926789266,1.1505159118746,FALSE,FALSE,0,2021-07-01
"Nowlin Creek",2021,8,14.1252653472368,13.1601134556966,0.965151891540221,FALSE,FALSE,0,2021-08-01
"Nowlin Creek",2021,9,13.9265183026506,13.1317320815832,0.794786221067425,FALSE,FALSE,0,2021-09-01
"Nowlin Creek",2021,10,14.4744400358538,12.7869676312496,1.68747240460421,FALSE,FALSE,0,2021-10-01
"Nowlin Creek",2021,11,13.8377012094991,12.343299556568,1.49440165293108,FALSE,FALSE,0,2021-11-01
"Nowlin Creek",2022,2,13.9689246792638,12.3574027633243,1.61152191593946,FALSE,FALSE,0,2022-02-01
"Nowlin Creek",2022,3,14.430796906732,12.5437076378086,1.88708926892339,FALSE,FALSE,0,2022-03-01
"Nowlin Creek",2022,4,14.4585860446112,12.2993369887356,2.15924905587564,FALSE,FALSE,0,2022-04-01
"Nowlin Creek",2022,5,14.4848346051836,12.5519960788201,1.93283852636346,FALSE,FALSE,0,2022-05-01
"Nowlin Creek",2022,6,14.5307729219532,12.1950824622633,2.33569045968987,FALSE,FALSE,0,2022-06-01
"Nowlin Creek",2022,7,14.2371998203161,12.0871231459444,2.15007667437179,FALSE,FALSE,0,2022-07-01
"Nowlin Creek",2022,8,14.0903465818034,13.3664280874706,0.723918494332752,FALSE,FALSE,0,2022-08-01
"Nowlin Creek",2022,9,13.8921233505559,13.312956739446,0.579166611109925,FALSE,FALSE,0,2022-09-01
"Nowlin Creek",2022,10,13.7800438028353,13.3239537308371,0.45609007199812,FALSE,FALSE,0,2022-10-01
"Nowlin Creek",2023,3,13.92435240227,12.5100787892254,1.41427361304455,FALSE,FALSE,0,2023-03-01
"Nowlin Creek",2023,4,14.6037371412979,12.8074419409295,1.79629520036842,FALSE,FALSE,0,2023-04-01
"Nowlin Creek",2023,5,14.9547794816621,12.8713512646698,2.0834282169923,FALSE,FALSE,0,2023-05-01
"Nowlin Creek",2023,6,14.7304217223248,12.9533418158239,1.77707990650089,FALSE,FALSE,0,2023-06-01
"Nowlin Creek",2023,7,14.3663003202113,9.72885413759787,4.63744618261345,FALSE,TRUE,1,2023-07-01
"Nowlin Creek",2023,8,14.2628353457863,9.44280598480446,4.82002936098186,FALSE,TRUE,1,2023-08-01
"Nowlin Creek",2023,9,14.5391078572871,9.85448276033513,4.68462509695198,FALSE,TRUE,1,2023-09-01
"Nowlin Creek",2023,10,14.4785585681384,12.730721507082,1.74783706105639,FALSE,FALSE,0,2023-10-01
"Nowlin Creek",2023,11,14.5383757907875,12.6611965579946,1.8771792327929,FALSE,FALSE,0,2023-11-01
"Nowlin Creek",2024,1,12.9122859845586,12.7256811865747,0.186604797983834,FALSE,FALSE,0,2024-01-01
"Nowlin Creek",2024,2,13.4284898939964,12.5295750670379,0.898914826958469,FALSE,FALSE,0,2024-02-01
"Nowlin Creek",2024,3,13.8447151832491,12.7687816018603,1.07593358138881,FALSE,FALSE,0,2024-03-01
"Nowlin Creek",2024,4,14.3666800043039,13.0796048571709,1.28707514713301,FALSE,FALSE,0,2024-04-01
"Nowlin Creek",2024,5,14.6491615972501,13.0588028634666,1.59035873378353,FALSE,FALSE,0,2024-05-01
"Nowlin Creek",2024,6,14.4929740283163,12.8513999343229,1.64157409399337,FALSE,FALSE,0,2024-06-01
"Nowlin Creek",2024,7,14.1955947236052,12.6157951678454,1.57979955575979,FALSE,FALSE,0,2024-07-01
"Nowlin Creek",2024,8,14.0878374137652,12.7966749464932,1.29116246727201,FALSE,FALSE,0,2024-08-01
"Pacific Creek 1",2020,6,14.4971921386407,11.6703246392465,2.82686749939425,FALSE,FALSE,0,2020-06-01
"Pacific Creek 1",2020,7,14.4979884809739,11.9207558633746,2.57723261759925,FALSE,FALSE,0,2020-07-01
"Pacific Creek 1",2020,8,14.2446704074019,12.3984513410545,1.84621906634734,FALSE,FALSE,0,2020-08-01
"Pacific Creek 1",2020,9,14.1688257262436,12.1110230135962,2.05780271264736,FALSE,FALSE,0,2020-09-01
"Pacific Creek 1",2020,10,14.0887913313274,11.8902062692384,2.19858506208899,FALSE,FALSE,0,2020-10-01
"Pacific Creek 1",2021,6,14.4326210762924,13.0428214440452,1.38979963224716,FALSE,FALSE,0,2021-06-01
"Pacific Creek 1",2021,7,14.4507406519524,13.2481957946564,1.20254485729606,FALSE,FALSE,0,2021-07-01
"Pacific Creek 1",2021,8,14.3678210825477,13.1806908617013,1.18713022084639,FALSE,FALSE,0,2021-08-01
"Pacific Creek 1",2021,9,14.3439740749851,12.9495904303811,1.394383644604,FALSE,FALSE,0,2021-09-01
"Pacific Creek 1",2021,10,14.66757578874,12.404422369016,2.26315341972403,FALSE,FALSE,0,2021-10-01
"Pacific Creek 1",2021,11,13.7228771102293,11.5318823418388,2.19099476839049,FALSE,FALSE,0,2021-11-01
"Pacific Creek 1",2022,3,14.3809949991627,12.0891153891968,2.29187960996593,FALSE,FALSE,0,2022-03-01
"Pacific Creek 1",2022,4,14.048722862272,12.2642416807742,1.7844811814978,FALSE,FALSE,0,2022-04-01
"Pacific Creek 1",2022,5,14.6881144054854,11.7158220094951,2.97229239599026,FALSE,FALSE,0,2022-05-01
"Pacific Creek 1",2022,6,14.605234869024,11.293943705764,3.31129116325994,FALSE,FALSE,0,2022-06-01
"Pacific Creek 1",2022,7,14.3792506748539,12.0128042812071,2.36644639364683,FALSE,FALSE,0,2022-07-01
"Pacific Creek 1",2022,8,14.4104181543371,12.942959095886,1.46745905845105,FALSE,FALSE,0,2022-08-01
"Pacific Creek 1",2022,9,14.3958313701472,12.7600899976778,1.63574137246945,FALSE,FALSE,0,2022-09-01
"Pacific Creek 1",2022,10,14.3734756532308,11.8592950080409,2.51418064518982,FALSE,FALSE,0,2022-10-01
"Pacific Creek 1",2023,4,14.4093888256471,8.96179871153869,5.44759011410838,TRUE,TRUE,2,2023-04-01
"Pacific Creek 1",2023,5,14.8363661867948,8.41788329482634,6.41848289196846,TRUE,TRUE,2,2023-05-01
"Pacific Creek 1",2023,6,14.6532108967535,8.21773465503892,6.43547624171463,TRUE,TRUE,2,2023-06-01
"Pacific Creek 1",2023,7,14.4781176818752,8.42257184281689,6.05554583905829,TRUE,TRUE,2,2023-07-01
"Pacific Creek 2",2019,4,13.9592935782563,-0.542778664891782,-9.49792775685195,TRUE,TRUE,2,2019-04-01
"Pacific Creek 2",2019,5,14.3146581359535,-0.804971424759586,-8.88037043928696,TRUE,TRUE,2,2019-05-01
"Pacific Creek 2",2020,3,13.4016381142111,-2.36933534399797,-8.22902654179093,TRUE,TRUE,2,2020-03-01
"Pacific Creek 2",2020,4,13.8157580334258,-0.501909096653396,-9.68233286992082,TRUE,TRUE,2,2020-04-01
"Pacific Creek 2",2020,5,14.2806135721909,-0.416483789492755,-9.30290263831636,TRUE,TRUE,2,2020-05-01
"Pacific Creek 2",2020,8,14.4510671388033,-0.662251941674734,-8.88668091952197,TRUE,TRUE,2,2020-08-01
"Pacific Creek 2",2020,9,14.3440401058252,-0.958026951290475,-8.69793294288436,TRUE,TRUE,2,2020-09-01
"Pacific Creek 2",2020,10,14.7463737405306,-0.118776069151434,-7.53485019031797,TRUE,TRUE,2,2020-10-01
"Pacific Creek 2",2021,7,14.5859145237308,-0.485001416655727,-8.92908405961344,TRUE,TRUE,2,2021-07-01
"Pacific Creek 2",2021,8,14.4844007444636,-0.716610182236174,-8.79898907330023,TRUE,TRUE,2,2021-08-01
"Pacific Creek 2",2021,9,14.601954804196,-0.842246703019651,-8.5557984927843,TRUE,TRUE,2,2021-09-01
"Pacific Creek 2",2022,10,14.7867394840398,5.43310859259148,9.35363089144837,TRUE,TRUE,2,2022-10-01
"Pacific Creek 2",2023,4,13.7373608005993,6.55635376727902,7.18100703332032,TRUE,TRUE,2,2023-04-01
"Pacific Creek 2",2023,7,14.4483334894984,6.06694717000956,8.38138631948885,TRUE,TRUE,2,2023-07-01
"Pacific Creek 2",2023,8,14.4287957594997,6.23474167132875,8.19405408817092,TRUE,TRUE,2,2023-08-01
"Pacific Creek 2",2023,9,14.4010961615432,5.86666187867338,8.53443428286986,TRUE,TRUE,2,2023-09-01
"Pacific Creek 2",2023,10,14.6274478857745,5.54858055274473,9.07886733302974,TRUE,TRUE,2,2023-10-01
"Pacific Creek 2",2024,6,14.312918092242,6.14992353744232,8.16299455479971,TRUE,TRUE,2,2024-06-01
"Pacific Creek 2",2024,7,14.3132215861375,6.16947007679428,8.14375150934324,TRUE,TRUE,2,2024-07-01
"Pacific Creek 2",2024,8,14.4393523817611,6.35342068348815,8.08593169827296,TRUE,TRUE,2,2024-08-01
"Pacific Creek 2",2024,9,14.571243917204,6.09717112152605,8.47407279567792,TRUE,TRUE,2,2024-09-01
"Sheep Creek",2022,6,15.2311023537675,7.25846857852114,7.97263377524632,TRUE,TRUE,2,2022-06-01
"Sheep Creek",2022,7,14.8119366370827,7.79161240843778,7.02032422864489,TRUE,TRUE,2,2022-07-01
"Sheep Creek",2022,8,14.8877887558294,8.28188289812233,6.60590585770711,TRUE,TRUE,2,2022-08-01
"Sheep Creek",2022,9,14.9793091547067,8.38501431496186,6.59429483974487,TRUE,TRUE,2,2022-09-01
"Sheep Creek",2022,10,14.7749722801414,8.57030329207146,6.20466898806993,TRUE,TRUE,2,2022-10-01
"Sheep Creek",2023,3,13.1999850577474,7.6165050688973,5.58347998885007,TRUE,TRUE,2,2023-03-01
"Sheep Creek",2023,4,14.8956721468446,8.56816119227777,6.32751095456685,TRUE,TRUE,2,2023-04-01
"Sheep Creek",2023,5,15.5700319089146,8.18974896574885,7.38028294316575,TRUE,TRUE,2,2023-05-01
"Sheep Creek",2023,6,15.434330623823,7.54074625853885,7.89358436528415,TRUE,TRUE,2,2023-06-01
"Sheep Creek",2023,7,15.0727251297964,7.60902477424905,7.46370035554737,TRUE,TRUE,2,2023-07-01
"Sheep Creek",2023,8,14.8637320948784,8.10994635650833,6.75378573837005,TRUE,TRUE,2,2023-08-01
"Sheep Creek",2023,9,15.4602722771246,8.36425566275019,7.09601661437444,TRUE,TRUE,2,2023-09-01
"Sheep Creek",2024,4,14.6725592989444,8.30915279884057,6.3634065001038,TRUE,TRUE,2,2024-04-01
"Sheep Creek",2024,5,14.7087960080169,8.07789265430347,6.63090335371344,TRUE,TRUE,2,2024-05-01
"Sheep Creek",2024,6,13.528382555284,7.44004158305916,6.08834097222488,TRUE,TRUE,2,2024-06-01
"Shoal Creek 1",2021,7,14.6069933738342,12.8438917338063,1.76310164002791,FALSE,FALSE,0,2021-07-01
"Shoal Creek 1",2021,8,14.5307392141767,12.5207249958482,2.01001421832854,FALSE,FALSE,0,2021-08-01
"Shoal Creek 1",2021,9,14.4938172770663,12.141948494925,2.35186878214134,FALSE,FALSE,0,2021-09-01
"Shoal Creek 1",2021,10,14.5709880127951,11.4976366291093,3.07335138368581,FALSE,FALSE,0,2021-10-01
"Shoal Creek 1",2022,4,14.4738317060036,12.1242737578219,2.34955794818174,FALSE,FALSE,0,2022-04-01
"Shoal Creek 1",2022,5,14.8794080640578,12.0207651489491,2.85864291510868,FALSE,FALSE,0,2022-05-01
"Shoal Creek 1",2022,6,14.7911243718059,11.54398986595,3.24713450585594,FALSE,FALSE,0,2022-06-01
"Shoal Creek 1",2022,7,14.4959162097517,11.7591513823123,2.73676482743948,FALSE,FALSE,0,2022-07-01
"Shoal Creek 1",2022,8,14.6456009508652,12.8055199572437,1.84008099362145,FALSE,FALSE,0,2022-08-01
"Shoal Creek 1",2022,9,14.5279122948652,12.1471045236136,2.38080777125161,FALSE,FALSE,0,2022-09-01
"Shoal Creek 1",2022,10,14.7198419155007,11.6744601664172,3.0453817490835,FALSE,FALSE,0,2022-10-01
"Shoal Creek 1",2023,5,15.1814703788365,12.9031027119491,2.27836766688737,FALSE,FALSE,0,2023-05-01
"Shoal Creek 1",2023,6,14.8754681332112,11.4996770646141,3.37579106859709,FALSE,FALSE,0,2023-06-01
"Shoal Creek 1",2023,7,14.6099620578429,11.1599154786599,3.450046579183,FALSE,FALSE,0,2023-07-01
"Shoal Creek 1",2023,8,14.5518168385893,8.20833328876475,6.34348354982457,TRUE,TRUE,2,2023-08-01
"Shoal Creek 1",2023,9,14.7635361851118,8.3600823605462,6.40345382456562,TRUE,TRUE,2,2023-09-01
"Shoal Creek 1",2023,10,14.9362757876008,10.8029757817406,4.13330000586017,FALSE,TRUE,1,2023-10-01
"Shoal Creek 1",2024,4,14.3365836594001,13.126004539138,1.21057912026207,FALSE,FALSE,0,2024-04-01
"Shoal Creek 1",2024,5,14.530915527027,12.1147608373822,2.41615468964475,FALSE,FALSE,0,2024-05-01
"Shoal Creek 1",2024,6,14.6515285415701,11.7954233190238,2.85610522254632,FALSE,FALSE,0,2024-06-01
"Shoal Creek 1",2024,7,14.5056566446767,11.5632419475918,2.94241469708491,FALSE,FALSE,0,2024-07-01
"Shoal Creek 1",2024,8,14.5433402782455,11.6622947761073,2.88104550213817,FALSE,FALSE,0,2024-08-01
"Shoal Creek 1",2024,9,14.5107069055195,11.2617373590494,3.24896954647015,FALSE,FALSE,0,2024-09-01
"Shoal Creek 2",2014,5,15.2468744650272,-0.514953860630192,-8.23817167434262,TRUE,TRUE,2,2014-05-01
"Shoal Creek 2",2014,6,14.4847625218436,-1.4778079853426,-8.03742949281384,TRUE,TRUE,2,2014-06-01
"Shoal Creek 3",2019,5,15.0418904859143,-0.526721149476207,-8.43138836460951,TRUE,TRUE,2,2019-05-01
"Shoal Creek 3",2019,6,14.9817161451911,-0.172563622394064,-8.84572023241481,TRUE,TRUE,2,2019-06-01
"Shoal Creek 3",2019,7,14.6003840487656,-1.02475372529892,-8.3748622259355,TRUE,TRUE,2,2019-07-01
"Shoal Creek 3",2019,8,14.510569894323,-2.41060778354003,-7.07882232213695,TRUE,TRUE,2,2019-08-01
"Shoal Creek 3",2019,9,14.5088783632826,-2.09746717114447,-7.39365446557292,TRUE,TRUE,2,2019-09-01
"Shoal Creek 3",2020,4,15.2577416306414,-1.68245040801144,-7.05980796134719,TRUE,TRUE,2,2020-04-01
"Shoal Creek 3",2020,5,14.8489336637936,-0.272389241594055,-8.87867709461235,TRUE,TRUE,2,2020-05-01
"Shoal Creek 3",2020,6,14.7495953447151,-0.608699828586638,-8.64170482669831,TRUE,TRUE,2,2020-06-01
"Shoal Creek 3",2020,7,14.6392738036841,-1.30866183806249,-8.0520643582534,TRUE,TRUE,2,2020-07-01
"Shoal Creek 3",2020,8,14.5442735585024,-2.22066990615933,-7.23505653533828,TRUE,TRUE,2,2020-08-01
"Shoal Creek 3",2020,9,14.522085911921,-1.14989110526398,-8.32802298281506,TRUE,TRUE,2,2020-09-01
"Shoal Creek 3",2020,10,14.4678832855563,-0.102900887268376,-9.42921582717531,TRUE,TRUE,2,2020-10-01
"Shoal Creek 3",2021,4,14.4317612184251,-2.46755758410091,-7.10068119747396,TRUE,TRUE,2,2021-04-01
"Shoal Creek 3",2021,6,14.7094006816094,-1.7189022777712,-7.57169704061936,TRUE,TRUE,2,2021-06-01
"Shoal Creek 3",2021,7,14.7930583884295,-1.0069020466137,-8.20003956495685,TRUE,TRUE,2,2021-07-01
"Shoal Creek 3",2021,8,14.5578341502914,-1.44027834250446,-8.00188750720409,TRUE,TRUE,2,2021-08-01
"Shoal Creek 3",2021,9,14.5214824899835,-1.23271859098179,-8.24579891903466,TRUE,TRUE,2,2021-09-01
"Shoal Creek 3",2022,4,14.3284851014052,-1.95638195801443,-7.71513294058041,TRUE,TRUE,2,2022-04-01
"Shoal Creek 3",2022,5,15.0122789014668,-0.683599404731003,-8.30412169380222,TRUE,TRUE,2,2022-05-01
"Shoal Creek 3",2022,6,14.9129342863597,-0.267188436549384,-8.81987727709095,TRUE,TRUE,2,2022-06-01
"Shoal Creek 3",2022,7,14.5141748555126,-1.55375745566871,-7.9320676888187,TRUE,TRUE,2,2022-07-01
"Shoal Creek 3",2022,8,14.7243476106672,-2.36021406659518,-6.91543832273765,TRUE,TRUE,2,2022-08-01
"Shoal Creek 3",2022,9,14.573983925042,-1.09265929763953,-8.33335677731843,TRUE,TRUE,2,2022-09-01
"Shoal Creek 3",2022,10,14.746156703531,-0.300689307850503,-8.95315398861851,TRUE,TRUE,2,2022-10-01
"Shoal Creek 3",2023,5,15.3590776639773,7.7072662325693,7.65181143140797,TRUE,TRUE,2,2023-05-01
"Shoal Creek 3",2023,6,14.9501499660231,6.66160155777743,8.28854840824567,TRUE,TRUE,2,2023-06-01
"Shoal Creek 3",2023,7,14.7000872811682,5.594274527878,9.10581275329015,TRUE,TRUE,2,2023-07-01
"Shoal Creek 3",2023,8,14.6325543798285,4.51606613486355,8.27033439881115,TRUE,TRUE,2,2023-08-01
"Shoal Creek 3",2023,9,14.7131279751627,5.02435606546688,9.68877190969581,TRUE,TRUE,2,2023-09-01
"Shoal Creek 3",2023,10,14.8109377771958,4.21318957726751,6.59774819992825,TRUE,TRUE,2,2023-10-01
"Shoal Creek 3",2024,4,14.4486025260853,6.50128934836627,7.94731317771901,TRUE,TRUE,2,2024-04-01
"Shoal Creek 3",2024,5,14.8047755839397,6.60493895675259,8.19983662718712,TRUE,TRUE,2,2024-05-01
"Shoal Creek 3",2024,6,14.6992156912193,6.81261636404001,7.88659932717924,TRUE,TRUE,2,2024-06-01
"Shoal Creek 3",2024,7,14.6701606109936,5.47554472485023,9.19461588614336,TRUE,TRUE,2,2024-07-01
"Shoal Creek 3",2024,8,14.6046078182213,4.9544194775744,8.85018834064693,TRUE,TRUE,2,2024-08-01
"Shoal Creek 3",2024,9,14.642849801653,6.76269947276373,7.88015032888925,TRUE,TRUE,2,2024-09-01
"Slate Creek 1",2021,7,14.5247272930519,11.3177995139171,3.2069277791348,FALSE,FALSE,0,2021-07-01
"Slate Creek 1",2021,8,14.4686640240672,10.8686518336457,3.60001219042148,FALSE,TRUE,1,2021-08-01
"Slate Creek 1",2021,9,14.5182563636562,10.0777613291873,4.44049503446891,FALSE,TRUE,1,2021-09-01
"Slate Creek 1",2021,10,14.4736258370697,10.350653405133,4.12297243193665,FALSE,TRUE,1,2021-10-01
"Slate Creek 1",2023,4,14.9138908268911,12.0309231913546,2.88296763553654,FALSE,FALSE,0,2023-04-01
"Slate Creek 1",2023,5,15.1278012664805,12.0809855480017,3.04681571847877,FALSE,FALSE,0,2023-05-01
"Slate Creek 1",2023,6,14.7826742698299,11.2517547072092,3.53091956262067,FALSE,TRUE,1,2023-06-01
"Slate Creek 1",2023,7,14.5555808623921,10.9117282704631,3.64385259192906,FALSE,TRUE,1,2023-07-01
"Slate Creek 1",2023,8,14.5000967831385,7.77417057258254,6.72592621055597,TRUE,TRUE,2,2023-08-01
"Slate Creek 1",2023,9,14.6969091087956,7.52905134940152,7.16785775939412,TRUE,TRUE,2,2023-09-01
"Slate Creek 1",2023,10,14.6967222326251,10.4454527827774,4.25126944984771,FALSE,TRUE,1,2023-10-01
"Slate Creek 1",2024,4,14.4228714534627,12.2990237859638,2.12384766749897,FALSE,FALSE,0,2024-04-01
"Slate Creek 1",2024,5,14.6872362239457,12.0240642059282,2.66317201801742,FALSE,FALSE,0,2024-05-01
"Slate Creek 1",2024,6,14.5095245856055,11.3554665823007,3.15405800330483,FALSE,FALSE,0,2024-06-01
"Slate Creek 1",2024,7,14.3321592713702,11.4175420126051,2.91461725876509,FALSE,FALSE,0,2024-07-01
"Slate Creek 1",2024,8,14.4112829786078,11.188754392464,3.22252858614385,FALSE,FALSE,0,2024-08-01
"Slate Creek 1",2024,9,14.5337551193015,10.4922731708525,4.04148194844901,FALSE,TRUE,1,2024-09-01
"Slate Creek 2",2020,8,14.4578785756473,11.2715420352274,3.18633654041991,FALSE,FALSE,0,2020-08-01
"Slate Creek 2",2020,9,14.2612489563876,11.0114206799408,3.24982827644682,FALSE,FALSE,0,2020-09-01
"Slate Creek 2",2020,10,14.4217578573126,10.9130262893709,3.5087315679417,FALSE,TRUE,1,2020-10-01
"Snake River Side Channel 1",2020,6,14.56160097256,14.4720406891021,0.0895602834579157,FALSE,FALSE,0,2020-06-01
"Snake River Side Channel 1",2020,7,14.3894711181724,15.127425434634,-0.737954316461694,FALSE,TRUE,1,2020-07-01
"Snake River Side Channel 1",2020,8,14.2890630683896,15.0887117948528,-0.799648726463164,FALSE,TRUE,1,2020-08-01
"Snake River Side Channel 1",2020,9,14.2390730239335,15.0027049234385,-0.763631899505038,FALSE,TRUE,1,2020-09-01
"Snake River Side Channel 1",2021,3,14.2137154520492,15.9216328492257,-1.70791739717648,FALSE,TRUE,1,2021-03-01
"Snake River Side Channel 1",2021,4,14.6171915294512,16.2783907734945,-1.66119924404327,FALSE,TRUE,1,2021-04-01
"Snake River Side Channel 1",2021,5,14.8832013717801,15.1683003649774,-1.20817591627429,FALSE,TRUE,1,2021-05-01
"Snake River Side Channel 1",2021,6,14.5331347006158,15.4071234659187,-0.873988765302908,FALSE,TRUE,1,2021-06-01
"Snake River Side Channel 1",2021,7,14.4000873819781,14.9176952386226,-0.517607856644535,FALSE,TRUE,1,2021-07-01
"Snake River Side Channel 1",2021,8,14.4204815497684,15.3729144081911,-0.952432858422691,FALSE,TRUE,1,2021-08-01
"Snake River Side Channel 1",2021,9,14.5242276508114,15.5041126019082,-0.979884951096832,FALSE,TRUE,1,2021-09-01
"Snake River Side Channel 2",2021,6,14.5930684755003,16.0860473076065,-1.49297883210619,FALSE,TRUE,1,2021-06-01
"Snake River Side Channel 2",2022,8,14.2470741601059,16.0594398470386,-1.81236568693269,FALSE,TRUE,1,2022-08-01
"Snake River Side Channel 2",2023,7,14.4260833638897,11.5153449106731,2.91073845321656,FALSE,FALSE,0,2023-07-01
"Snake River Side Channel 2",2023,8,14.464612641701,11.5747546733754,2.88985796832561,FALSE,FALSE,0,2023-08-01
"Snake River Side Channel 2",2023,9,14.5690747467562,12.4151073850198,2.15396736173649,FALSE,FALSE,0,2023-09-01
"Snake River Side Channel 2",2023,10,14.552086821921,14.616596095238,-0.0645092733169899,FALSE,FALSE,0,2023-10-01
"Snake River Side Channel 2",2024,2,13.4130223291094,14.0676183258369,-0.654595996727466,FALSE,TRUE,1,2024-02-01
"Snake River Side Channel 2",2024,3,13.6446364471557,14.2326403081845,-0.58800386102875,FALSE,TRUE,1,2024-03-01
"Snake River Side Channel 2",2024,4,14.184430819546,14.8018298993145,-0.617399079768531,FALSE,TRUE,1,2024-04-01
"Snake River Side Channel 2",2024,5,14.4557873851141,15.0897095028235,-0.633922117709431,FALSE,TRUE,1,2024-05-01
"Snake River Side Channel 2",2024,6,14.4709680498297,13.2123974793838,1.25857057044594,FALSE,FALSE,0,2024-06-01
"Snake River Side Channel 2",2024,7,14.3255842987265,14.6778757159578,-0.352291417231346,FALSE,FALSE,0,2024-07-01
"Snake River Side Channel 2",2024,8,14.2007929337999,15.0065643951441,-0.805771461344264,FALSE,TRUE,1,2024-08-01
"Snake River Side Channel 2",2024,9,14.3672845671617,14.9179820460578,-0.550697478896078,FALSE,TRUE,1,2024-09-01
"Spread Creek (South Fork)",2018,10,14.8951544901912,12.7419773395568,2.15317715063436,FALSE,FALSE,0,2018-10-01
"Spread Creek (South Fork)",2019,4,15.0958594481547,13.6200208896188,1.4758385585359,FALSE,FALSE,0,2019-04-01
"Spread Creek (South Fork)",2019,5,14.9982231198873,13.5423231062412,1.45590001364608,FALSE,FALSE,0,2019-05-01
"Spread Creek (South Fork)",2019,6,14.8759768762026,13.1130997200583,1.76287715614425,FALSE,FALSE,0,2019-06-01
"Spread Creek (South Fork)",2019,7,14.7032616642536,12.7289738637232,1.97428780053043,FALSE,FALSE,0,2019-07-01
"Spread Creek (South Fork)",2019,8,14.5791019643456,12.2954214277375,2.2836805366081,FALSE,FALSE,0,2019-08-01
"Spread Creek (South Fork)",2019,9,14.6132985271201,12.2369740248104,2.37632450230972,FALSE,FALSE,0,2019-09-01
"Spread Creek (South Fork)",2019,10,14.5380518616893,11.1991884361303,1.15704524374088,FALSE,FALSE,0,2019-10-01
"Spread Creek (South Fork)",2020,5,14.9177550091172,13.8757805591609,1.04197444995636,FALSE,FALSE,0,2020-05-01
"Spread Creek (South Fork)",2020,6,14.8876186680499,12.5678271250366,2.31979154301324,FALSE,FALSE,0,2020-06-01
"Spread Creek (South Fork)",2020,7,14.6576270659215,12.291675048728,2.36595201719355,FALSE,FALSE,0,2020-07-01
"Spread Creek (South Fork)",2020,8,14.4979701509724,12.5749929200267,1.92297723094574,FALSE,FALSE,0,2020-08-01
"Spread Creek (South Fork)",2020,9,14.3406657575634,12.5822868247894,1.75837893277398,FALSE,FALSE,0,2020-09-01
"Spread Creek (South Fork)",2020,10,14.4554724761826,12.732655832347,1.72281664383565,FALSE,FALSE,0,2020-10-01
"Spread Creek (South Fork)",2021,5,14.9419549780112,13.5659924112405,1.37596256677076,FALSE,FALSE,0,2021-05-01
"Spread Creek (South Fork)",2021,6,14.6617033790865,12.8937596727478,1.76794370633871,FALSE,FALSE,0,2021-06-01
"Spread Creek (South Fork)",2021,7,14.7575684160195,12.5765457966169,2.18102261940263,FALSE,FALSE,0,2021-07-01
"Spread Creek (South Fork)",2021,8,14.5593342429122,12.7127895332654,1.84654470964673,FALSE,FALSE,0,2021-08-01
"Spread Creek (South Fork)",2021,9,14.5505701634845,12.6404540765915,1.91011608689295,FALSE,FALSE,0,2021-09-01
"Spread Creek (South Fork)",2021,10,14.4773179776102,12.9182140014473,1.55910397616286,FALSE,FALSE,0,2021-10-01
"Spread Creek (South Fork)",2022,5,14.7529674663989,13.7067940862594,1.04617338013951,FALSE,FALSE,0,2022-05-01
"Spread Creek (South Fork)",2022,6,14.8888779641451,13.1257668174699,1.76311114667518,FALSE,FALSE,0,2022-06-01
"Spread Creek (South Fork)",2022,7,14.5746181354023,12.4495715392375,2.12504659616483,FALSE,FALSE,0,2022-07-01
"Spread Creek (South Fork)",2022,8,14.658035905656,12.565758678523,2.09227722713302,FALSE,FALSE,0,2022-08-01
"Spread Creek (South Fork)",2022,9,14.6888800339334,12.846381233604,1.84249880032942,FALSE,FALSE,0,2022-09-01
"Spread Creek (South Fork)",2022,10,14.4386034475883,12.7773066305452,1.66129681704307,FALSE,FALSE,0,2022-10-01
"Spread Creek (South Fork)",2023,5,15.2587796695555,13.7027011064698,1.5560785630857,FALSE,FALSE,0,2023-05-01
"Spread Creek (South Fork)",2023,6,14.9253248021129,13.0293535000991,1.89597130201381,FALSE,FALSE,0,2023-06-01
"Spread Creek (South Fork)",2023,7,14.6524768498358,12.9050632140472,1.74741363578854,FALSE,FALSE,0,2023-07-01
"Spread Creek 1",2021,8,14.561416595538,12.4092829406802,2.15213365485774,FALSE,FALSE,0,2021-08-01
"Spread Creek 1",2021,9,14.552674176533,12.1573766328359,2.39529754369703,FALSE,FALSE,0,2021-09-01
"Spread Creek 1",2021,10,14.5872196723932,12.2170106962038,2.3702089761894,FALSE,FALSE,0,2021-10-01
"Spread Creek 1",2022,4,14.5698976916898,12.2885851736604,2.28131251802938,FALSE,FALSE,0,2022-04-01
"Spread Creek 1",2022,5,14.7367076500411,12.215475856054,2.52123179398711,FALSE,FALSE,0,2022-05-01
"Spread Creek 1",2022,6,14.891860960337,11.7294861188036,3.16237484153342,FALSE,FALSE,0,2022-06-01
"Spread Creek 1",2022,7,14.5774427820601,11.5091572386536,3.0682855434065,FALSE,FALSE,0,2022-07-01
"Spread Creek 1",2022,8,14.6736854291841,8.81954760865189,5.85413782053219,TRUE,TRUE,2,2022-08-01
"Spread Creek 1",2022,9,14.6871790571809,6.54089261156167,8.14628644561922,TRUE,TRUE,2,2022-09-01
"Spread Creek 1",2022,10,14.4369409572864,7.65061100724167,6.78632995004475,TRUE,TRUE,2,2022-10-01
"Spread Creek 1",2023,5,15.2609426311082,12.2459278941679,3.01501473694034,FALSE,FALSE,0,2023-05-01
"Spread Creek 1",2023,6,14.983380896127,11.602255414078,3.38112548204896,FALSE,FALSE,0,2023-06-01
"Spread Creek 2",2023,7,14.6938636455481,8.07693222709379,6.61693141845426,TRUE,TRUE,2,2023-07-01
"Spread Creek 2",2023,8,14.6921438724146,7.92026495389849,6.77187891851608,TRUE,TRUE,2,2023-08-01
"Spread Creek 2",2023,9,14.6658665433805,8.2335489928869,6.43231755049361,TRUE,TRUE,2,2023-09-01
"Spread Creek 2",2023,10,14.5087153078222,10.7619657163533,3.74674959146887,FALSE,TRUE,1,2023-10-01
"Spread Creek 2",2024,4,14.4483456681548,12.5381795903145,1.91016607784027,FALSE,FALSE,0,2024-04-01
"Spread Creek 2",2024,5,14.5306671768441,12.6629151449327,1.86775203191139,FALSE,FALSE,0,2024-05-01
"Spread Creek 2",2024,6,14.6058266852669,12.0066620932648,2.59916459200208,FALSE,FALSE,0,2024-06-01
"Spread Creek 2",2024,7,14.4084342805375,11.336761683409,3.07167259712849,FALSE,FALSE,0,2024-07-01
"Spread Creek 2",2024,8,14.6137126928919,11.2069199643624,3.40679272852952,FALSE,FALSE,0,2024-08-01
"Spread Creek 3",2021,8,14.5614165953355,12.266655859577,2.29476073575852,FALSE,FALSE,0,2021-08-01
"Spread Creek 3",2021,9,14.55267417751,11.8485148018524,2.70415937565765,FALSE,FALSE,0,2021-09-01
"Spread Creek 3",2021,10,14.5872196718578,11.8416879738114,2.74553169804643,FALSE,FALSE,0,2021-10-01
"Spread Creek 3",2022,4,14.625002300681,12.2257892585804,2.39921304210052,FALSE,FALSE,0,2022-04-01
"Spread Creek 3",2022,5,14.7367076515474,12.2702896644541,2.46641798709331,FALSE,FALSE,0,2022-05-01
"Spread Creek 3",2022,6,14.891860961488,11.6330590495594,3.25880191192864,FALSE,FALSE,0,2022-06-01
"Spread Creek 3",2022,7,14.5774427812218,11.3878779038334,3.18956487738842,FALSE,FALSE,0,2022-07-01
"Spread Creek 3",2022,8,14.673685427951,12.4413665727513,2.23231885519978,FALSE,FALSE,0,2022-08-01
"Spread Creek 3",2022,9,14.6871790552009,12.2211675737812,2.46601148141976,FALSE,FALSE,0,2022-09-01
"Spread Creek 3",2022,10,14.4348099581631,11.5987559398368,2.8360540183263,FALSE,FALSE,0,2022-10-01
"Spread Creek 3",2023,5,15.260942631951,12.9526506665472,2.30829196540375,FALSE,FALSE,0,2023-05-01
"Spread Creek 3",2023,6,15.0031550742112,11.9152387111261,3.08791636308507,FALSE,FALSE,0,2023-06-01
"Spring Creek (Grey's)",2023,7,15.093314060858,6.85458007622124,8.23873398463671,TRUE,TRUE,2,2023-07-01
"Spring Creek (Grey's)",2023,8,15.0518118376648,6.3148513469292,8.73696049073555,TRUE,TRUE,2,2023-08-01
"Spring Creek (Grey's)",2023,9,15.0049425564485,5.89909484218221,9.10584771426626,TRUE,TRUE,2,2023-09-01
"Spring Creek (Grey's)",2023,10,14.9988587158849,5.18311845555165,9.81574026033324,TRUE,TRUE,2,2023-10-01
"Spring Creek (Grey's)",2024,3,14.7735903370365,4.06173274430953,10.711857592727,TRUE,TRUE,2,2024-03-01
"Spring Creek (Grey's)",2024,4,14.7416449101695,6.02194701087142,8.71969789929804,TRUE,TRUE,2,2024-04-01
"Spring Creek (Grey's)",2024,5,14.7766678817929,7.14688962966824,7.62977825212471,TRUE,TRUE,2,2024-05-01
"Spring Creek (Grey's)",2024,6,15.1772189215442,7.27295588532522,7.90426303621898,TRUE,TRUE,2,2024-06-01
"Spring Creek (Grey's)",2024,7,14.8369391793581,6.27938602072885,8.55755315862929,TRUE,TRUE,2,2024-07-01
"Spring Creek (Grey's)",2024,8,15.0388247829623,6.08525014509272,8.95357463786957,TRUE,TRUE,2,2024-08-01
"Spring Creek (Jackson)",2020,6,14.6018850518406,11.1563643250923,3.44552072674831,FALSE,FALSE,0,2020-06-01
"Spring Creek (Jackson)",2020,7,14.4153869115151,11.4455831850499,2.96980372646527,FALSE,FALSE,0,2020-07-01
"Spring Creek (Jackson)",2020,8,14.3372888096973,10.8670781860056,3.47021062369169,FALSE,FALSE,0,2020-08-01
"Spring Creek (Jackson)",2020,9,14.2666629712124,11.2933597125587,2.97330325865371,FALSE,FALSE,0,2020-09-01
"Spring Creek (Jackson)",2020,10,14.3871994165315,11.4196549404365,2.967544476095,FALSE,FALSE,0,2020-10-01
"Spring Creek (Jackson)",2020,11,13.758534406309,11.6886067638815,2.06992764242749,FALSE,FALSE,0,2020-11-01
"Spring Creek (Jackson)",2020,12,13.1766214528891,11.3620996034608,1.81452184942831,FALSE,FALSE,0,2020-12-01
"Spring Creek (Jackson)",2021,2,12.0799503741995,11.7010675051176,2.56070105090011,FALSE,FALSE,0,2021-02-01
"Spring Creek (Jackson)",2021,3,13.9734130427873,11.7870567278627,2.18635631492456,FALSE,FALSE,0,2021-03-01
"Spring Creek (Jackson)",2021,4,14.5246160395187,12.3340307750687,2.19058526444999,FALSE,FALSE,0,2021-04-01
"Spring Creek (Jackson)",2021,5,14.7166909726708,12.3196049845282,2.39708598814265,FALSE,FALSE,0,2021-05-01
"Spring Creek (Jackson)",2021,6,14.4423757594277,11.6020937692348,2.84028199019294,FALSE,FALSE,0,2021-06-01
"Spring Creek (Jackson)",2021,11,13.9974964889957,11.9229231656816,2.07457332331402,FALSE,FALSE,0,2021-11-01
"Spring Creek (Jackson)",2022,8,14.1932887648204,13.0416756521765,1.15161311264394,FALSE,FALSE,0,2022-08-01
"Spring Creek (Jackson)",2022,9,14.1518377441336,12.7446473029634,1.40719044117021,FALSE,FALSE,0,2022-09-01
"Spring Creek (Moran)",2022,8,14.4105414174849,12.5101571304848,1.90038428700006,FALSE,FALSE,0,2022-08-01
"Spring Creek (Moran)",2022,9,14.3203466114254,12.2406318562839,2.07971475514148,FALSE,FALSE,0,2022-09-01
"Spring Creek (Moran)",2022,10,14.3749170791181,12.4942235219338,1.88069355718434,FALSE,FALSE,0,2022-10-01
"Spring Creek (Moran)",2023,3,14.1539914165269,11.9173929908537,2.2365984256732,FALSE,FALSE,0,2023-03-01
"Spring Creek (Moran)",2023,4,14.5634539119658,13.0056257564195,1.55782815554631,FALSE,FALSE,0,2023-04-01
"Spring Creek (Moran)",2023,5,14.8350614745429,11.7825126301855,3.05254884435734,FALSE,FALSE,0,2023-05-01
"Spring Creek (Moran)",2023,6,14.6483182889825,11.2018043712379,3.44651391774455,FALSE,FALSE,0,2023-06-01
"Spring Creek (Moran)",2023,7,14.4548690349571,7.98698921028024,6.46787982467685,TRUE,TRUE,2,2023-07-01
"Spring Creek (Moran)",2023,8,14.4623533623467,8.16801009177173,6.29434327057495,TRUE,TRUE,2,2023-08-01
"Spring Creek (Moran)",2023,9,14.4888712833034,8.56240794018925,5.92646334311415,TRUE,TRUE,2,2023-09-01
"Spring Creek (Moran)",2023,10,14.4491409181016,12.0703506228476,2.37879029525399,FALSE,FALSE,0,2023-10-01
"Spring Creek (Moran)",2023,11,14.4742756761007,12.2467255955367,2.22755008056395,FALSE,FALSE,0,2023-11-01
"Spring Creek (Moran)",2024,2,13.8177294025784,11.7087297567797,2.10899964579879,FALSE,FALSE,0,2024-02-01
"Spring Creek (Moran)",2024,3,13.8751875322005,12.2107194250715,1.66446810712902,FALSE,FALSE,0,2024-03-01
"Spring Creek (Moran)",2024,4,14.22752678342,13.0066334109847,1.22089337243533,FALSE,FALSE,0,2024-04-01
"Spring Creek (Moran)",2024,5,14.4317440160912,12.1242516133296,2.3074924027616,FALSE,FALSE,0,2024-05-01
"Spring Creek (Moran)",2024,6,14.4314109799783,11.7265593374591,2.70485164251921,FALSE,FALSE,0,2024-06-01
"Spring Creek (Moran)",2024,7,14.2337540461207,12.0521432307858,2.1816108153349,FALSE,FALSE,0,2024-07-01
"Spring Creek (Moran)",2024,8,14.4068586467678,12.038048526904,2.36881011986374,FALSE,FALSE,0,2024-08-01
"Steer Creek",2021,9,14.5171263596503,-0.162121581639057,-9.32075205871068,TRUE,TRUE,2,2021-09-01
"Steer Creek",2021,10,14.4877033836109,-0.127257694515016,-9.38503892187409,TRUE,TRUE,2,2021-10-01
"Steer Creek",2021,11,13.965715271141,-0.389792408862375,-9.64449231999662,TRUE,TRUE,2,2021-11-01
"Steer Creek",2022,3,14.7022244920931,0.12708334724871,-9.42485885515561,TRUE,TRUE,2,2022-03-01
"Steer Creek",2022,4,14.6168369696819,0.664066649515809,-10.0472296798339,TRUE,TRUE,2,2022-04-01
"Steer Creek",2022,5,14.8340114705596,-0.197716911116754,-8.96827161832368,TRUE,TRUE,2,2022-05-01
"Steer Creek",2022,6,14.8288753847365,0.292169506881667,-9.4632941221452,TRUE,TRUE,2,2022-06-01
"Strawberry Creek",2014,6,14.6490161189146,-0.754193230618714,-8.59679065046664,TRUE,TRUE,2,2014-06-01
"Strawberry Creek",2014,7,14.506969976373,-0.338865489278771,-9.15416453434818,TRUE,TRUE,2,2014-07-01
"Strawberry Creek",2014,8,14.5213248680995,-0.265318067220217,-9.21335706468033,TRUE,TRUE,2,2014-08-01
"Strawberry Creek",2014,9,14.4284444576521,-0.233079833620924,-9.33847570872702,TRUE,TRUE,2,2014-09-01
"Strawberry Creek",2014,10,14.4268315622788,-0.201919930561059,-9.37124850716012,TRUE,TRUE,2,2014-10-01
"Strawberry Creek",2015,4,14.8194900679059,0.176603202671572,-9.35711313476568,TRUE,TRUE,2,2015-04-01
"Strawberry Creek",2015,5,15.2319927046755,-1.06798214422027,-7.7000251511042,TRUE,TRUE,2,2015-05-01
"Strawberry Creek",2015,6,14.7027631183563,-0.52680269011894,-8.77043419152473,TRUE,TRUE,2,2015-06-01
"Three Channel (East Fork 1)",2020,6,14.3676538576385,14.1937530135236,0.173900844114935,FALSE,FALSE,0,2020-06-01
"Three Channel (East Fork 1)",2020,7,14.3363118838409,13.8066335956033,0.529678288237599,FALSE,FALSE,0,2020-07-01
"Three Channel (East Fork 1)",2020,8,14.0967888342793,13.419224509703,0.677564324576306,FALSE,FALSE,0,2020-08-01
"Three Channel (East Fork 1)",2020,9,13.9457280373666,12.8652047830402,1.08052325432632,FALSE,FALSE,0,2020-09-01
"Three Channel (East Fork 1)",2020,10,13.6726393996899,12.4138265511748,1.25881284851515,FALSE,FALSE,0,2020-10-01
"Three Channel (East Fork 1)",2021,6,14.3439893899472,13.9392031515004,0.40478623844675,FALSE,FALSE,0,2021-06-01
"Three Channel (East Fork 1)",2021,7,14.2168988417288,13.556083061703,0.66081578002582,FALSE,FALSE,0,2021-07-01
"Three Channel (East Fork 1)",2021,8,14.1237989502909,13.3517657015258,0.772033248765161,FALSE,FALSE,0,2021-08-01
"Three Channel (East Fork 1)",2021,9,13.9249063870604,12.9566021757051,0.968304211355267,FALSE,FALSE,0,2021-09-01
"Three Channel (East Fork 1)",2022,3,14.453507533882,13.3075299710837,1.14597756279834,FALSE,FALSE,0,2022-03-01
"Three Channel (East Fork 1)",2022,4,14.4603391268664,13.6184006697552,0.84193845711121,FALSE,FALSE,0,2022-04-01
"Three Channel (East Fork 1)",2022,5,14.5391368296731,13.9321787748533,0.606958054819723,FALSE,FALSE,0,2022-05-01
"Three Channel (East Fork 1)",2022,6,14.5478993067946,13.8203236926884,0.727575614106261,FALSE,FALSE,0,2022-06-01
"Three Channel (East Fork 1)",2022,8,14.0896249517926,14.6349004177742,-0.545275465981583,FALSE,TRUE,1,2022-08-01
"Three Channel (East Fork 1)",2022,9,13.8906409744352,14.179026809874,-0.288385835438796,FALSE,FALSE,0,2022-09-01
"Three Channel (East Fork 2)",2021,8,14.1542587170215,14.8953379887619,-0.741079271740429,FALSE,TRUE,1,2021-08-01
"Three Channel (East Fork 2)",2021,9,13.9249063870604,14.6925709703383,-0.767664583277887,FALSE,TRUE,1,2021-09-01
"Three Channel (East Fork 2)",2021,10,14.4770537474574,14.4847047811321,-0.00765103367470725,FALSE,FALSE,0,2021-10-01
"Three Channel (East Fork 2)",2021,11,13.773232006369,13.3537798506753,0.41945215569379,FALSE,FALSE,0,2021-11-01
"Three Channel (East Fork 2)",2022,2,13.9504914946748,13.7275700273601,0.22292146731467,FALSE,FALSE,0,2022-02-01
"Three Channel (East Fork 2)",2022,3,14.453507533882,13.8264137989314,0.627093734950576,FALSE,FALSE,0,2022-03-01
"Three Channel (East Fork 2)",2022,4,14.4844064842257,14.0858320005607,0.398574483664962,FALSE,FALSE,0,2022-04-01
"Three Channel (East Fork 2)",2022,5,14.4803466593383,14.2995407649553,0.180805894382998,FALSE,FALSE,0,2022-05-01
"Three Channel (East Fork 2)",2022,6,14.4563129058816,14.1229200620544,0.333392843827169,FALSE,FALSE,0,2022-06-01
"Three Channel (East Fork 2)",2022,7,14.2382540670464,14.0685874172962,0.169666649750256,FALSE,FALSE,0,2022-07-01
"Three Channel (East Fork 2)",2022,8,14.0896249517926,14.8204987782099,-0.730873826417235,FALSE,TRUE,1,2022-08-01
"Three Channel (East Fork 2)",2022,9,13.9882399554736,14.424224112078,-0.435984156604385,FALSE,FALSE,0,2022-09-01
"Three Channel (East Fork 2)",2022,10,13.781363744645,14.3565544210074,-0.575190676362483,FALSE,TRUE,1,2022-10-01
"Three Channel (East Fork 2)",2023,3,13.9254712939581,13.8585747008929,0.0668965930651466,FALSE,FALSE,0,2023-03-01
"Three Channel (East Fork 2)",2023,4,14.5212798522234,13.8076460080957,0.713633844127644,FALSE,FALSE,0,2023-04-01
"Three Channel (East Fork 2)",2023,5,14.955740633884,14.0996217030742,0.856118930809799,FALSE,FALSE,0,2023-05-01
"Three Channel (East Fork 2)",2023,6,14.8968640751042,14.3732689115051,0.523595163599099,FALSE,FALSE,0,2023-06-01
"Three Channel 1",2020,6,14.3250286890929,12.526490344496,1.79853834459687,FALSE,FALSE,0,2020-06-01
"Three Channel 1",2020,7,14.3363118838409,12.4246463542541,1.91166552958681,FALSE,FALSE,0,2020-07-01
"Three Channel 1",2020,8,14.0967888342793,12.3584570042614,1.73833183001789,FALSE,FALSE,0,2020-08-01
"Three Channel 1",2020,9,13.9552108914869,11.7448945415645,2.21031634992238,FALSE,FALSE,0,2020-09-01
"Three Channel 1",2020,10,13.7151903984604,11.4199202004462,2.29527019801424,FALSE,FALSE,0,2020-10-01
"Three Channel 1",2021,3,14.1369468786984,11.429169152397,2.70777772630136,FALSE,FALSE,0,2021-03-01
"Three Channel 1",2021,4,14.4091315368071,11.5219530266963,2.88717851011074,FALSE,FALSE,0,2021-04-01
"Three Channel 1",2021,5,14.639599431277,12.5355774967478,2.10402193452911,FALSE,FALSE,0,2021-05-01
"Three Channel 1",2021,6,14.3439893899472,13.2626269636707,1.08136242627643,FALSE,FALSE,0,2021-06-01
"Three Channel 1",2021,7,14.2563457964698,13.0568302711123,1.19951552535751,FALSE,FALSE,0,2021-07-01
"Three Channel 1",2021,8,14.0529081070567,12.753494149832,1.29941395722462,FALSE,FALSE,0,2021-08-01
"Three Channel 1",2021,9,13.9249063870604,12.4284190074521,1.49648737960825,FALSE,FALSE,0,2021-09-01
"Three Channel 1",2021,10,14.4239266587448,12.369869700653,2.05405695809186,FALSE,FALSE,0,2021-10-01
"Three Channel 1",2022,8,14.0921236537926,12.0965271881935,1.99559646559911,FALSE,FALSE,0,2022-08-01
"Three Channel 1",2022,9,13.8906409744352,11.4008337637478,2.48980721068744,FALSE,FALSE,0,2022-09-01
"Three Channel 1",2022,10,13.781363744645,11.2281083031194,2.5532554415256,FALSE,FALSE,0,2022-10-01
"Three Channel 1",2023,3,13.9254712939581,12.6384215444344,1.28704974952371,FALSE,FALSE,0,2023-03-01
"Three Channel 1",2023,4,14.6050799252598,12.104913677124,2.50016624813584,FALSE,FALSE,0,2023-04-01
"Three Channel 1",2023,5,14.9562511952715,12.2320295926526,2.72422160261887,FALSE,FALSE,0,2023-05-01
"Three Channel 1",2023,6,14.7061186182943,12.5062610175025,2.19985760079175,FALSE,FALSE,0,2023-06-01
"Three Channel 2",2021,8,14.0800813676774,12.6434225918973,1.43665877578005,FALSE,FALSE,0,2021-08-01
"Three Channel 2",2021,9,13.9265182987397,12.3574068852826,1.56911141345711,FALSE,FALSE,0,2021-09-01
"Three Channel 2",2021,10,14.4237284741615,12.1914359554313,2.23229251873015,FALSE,FALSE,0,2021-10-01
"Three Channel 2",2021,11,13.8377012107679,11.5021505730806,2.33555063768729,FALSE,FALSE,0,2021-11-01
"Three Channel 2",2022,3,14.4530091965255,11.4401432528186,3.01286594370698,FALSE,FALSE,0,2022-03-01
"Three Channel 2",2022,4,14.5068465999123,11.305617498597,3.20122910131531,FALSE,FALSE,0,2022-04-01
"Three Channel 2",2022,5,14.556287463262,12.003101261462,2.55318620180002,FALSE,FALSE,0,2022-05-01
"Three Channel 2",2022,6,14.4567053468386,12.2400636388485,2.21664170799007,FALSE,FALSE,0,2022-06-01
"Three Channel 2",2022,7,14.2371998207805,12.2895832201399,1.94761660064053,FALSE,FALSE,0,2022-07-01
"Three Channel 2",2022,8,14.0903465816249,13.1138561125711,0.976490469053806,FALSE,FALSE,0,2022-08-01
"Three Channel 2",2022,9,13.8921233494559,12.5137577969259,1.37836555253004,FALSE,FALSE,0,2022-09-01
"Three Channel 2",2022,10,13.7800438053828,12.2998284477814,1.48021535760141,FALSE,FALSE,0,2022-10-01
"Upper Bar BC Creek (East Fork 1)",2019,5,14.7911642591614,14.7363757552151,0.0547885039462546,FALSE,FALSE,0,2019-05-01
"Upper Bar BC Creek (East Fork 1)",2019,6,14.6908036008914,14.7040553159203,-0.0132517150289523,FALSE,FALSE,0,2019-06-01
"Upper Bar BC Creek (East Fork 1)",2019,7,14.303257491065,14.2886952951801,0.0145621958848913,FALSE,FALSE,0,2019-07-01
"Upper Bar BC Creek (East Fork 1)",2019,8,14.3106863008383,14.068786368904,0.241899931934263,FALSE,FALSE,0,2019-08-01
"Upper Bar BC Creek (East Fork 1)",2019,9,14.5672979786614,13.8903709156074,0.67692706305395,FALSE,FALSE,0,2019-09-01
"Upper Bar BC Creek (East Fork 1)",2020,6,14.5626438839964,14.7123567771154,-0.149712893119018,FALSE,FALSE,0,2020-06-01
"Upper Bar BC Creek (East Fork 1)",2020,7,14.3894711181724,14.4447212291002,-0.0552501109278272,FALSE,FALSE,0,2020-07-01
"Upper Bar BC Creek (East Fork 1)",2020,8,14.2890630683896,14.3000850623661,-0.0110219939764817,FALSE,FALSE,0,2020-08-01
"Upper Bar BC Creek (East Fork 1)",2020,9,14.1794893292488,14.1694157687358,0.0100735605130331,FALSE,FALSE,0,2020-09-01
"Upper Bar BC Creek (East Fork 1)",2021,3,14.137609787527,13.6268209543439,0.510788833183143,FALSE,FALSE,0,2021-03-01
"Upper Bar BC Creek (East Fork 1)",2021,4,14.6171301084753,14.3470560998645,0.270074008610824,FALSE,FALSE,0,2021-04-01
"Upper Bar BC Creek (East Fork 1)",2021,5,14.825571493389,14.8162174451678,0.0093540482211651,FALSE,FALSE,0,2021-05-01
"Upper Bar BC Creek (East Fork 1)",2021,6,14.5331347006158,15.8624739342954,-1.32933923367966,FALSE,TRUE,1,2021-06-01
"Upper Bar BC Creek (East Fork 1)",2021,7,14.3561649389202,15.7258499288461,-1.36968498992589,FALSE,TRUE,1,2021-07-01
"Upper Bar BC Creek (East Fork 1)",2021,8,14.4295983560654,15.8142264390576,-1.38462808299217,FALSE,TRUE,1,2021-08-01
"Upper Bar BC Creek (East Fork 1)",2022,8,14.3018511051054,15.7072623052758,-1.40541120017037,FALSE,TRUE,1,2022-08-01
"Upper Bar BC Creek (East Fork 1)",2022,9,14.1532175016148,15.5998770716321,-1.4466595700173,FALSE,TRUE,1,2022-09-01
"Upper Bar BC Creek (East Fork 2)",2019,5,14.7677706698633,15.4196869615433,-0.651916291680055,FALSE,TRUE,1,2019-05-01
"Upper Bar BC Creek (East Fork 2)",2019,6,14.655026700073,15.2212309173294,-0.566204217256453,FALSE,TRUE,1,2019-06-01
"Upper Bar BC Creek (East Fork 2)",2019,7,14.2952260072854,15.0344968472437,-0.739270839958324,FALSE,TRUE,1,2019-07-01
"Upper Bar BC Creek (East Fork 2)",2019,8,14.2160511230586,14.9138281958613,-0.697777072802756,FALSE,TRUE,1,2019-08-01
"Upper Bar BC Creek (East Fork 2)",2019,9,14.5562402337307,14.8114524211319,-0.255212187401168,FALSE,FALSE,0,2019-09-01
"Upper Bar BC Creek (East Fork 2)",2020,6,14.5723343573778,14.3108595189943,0.261474838383483,FALSE,FALSE,0,2020-06-01
"Upper Bar BC Creek (East Fork 2)",2020,7,14.3894711181724,14.0650589599438,0.324412158228567,FALSE,FALSE,0,2020-07-01
"Upper Bar BC Creek (East Fork 2)",2020,8,14.2890630683896,13.9548346465726,0.334228421816997,FALSE,FALSE,0,2020-08-01
"Upper Bar BC Creek (East Fork 2)",2020,9,14.1794893292488,13.9968868402036,0.18260248904521,FALSE,FALSE,0,2020-09-01
"Upper Bar BC Creek (East Fork 2)",2021,3,14.1473772260972,13.9582651762635,0.189112049833685,FALSE,FALSE,0,2021-03-01
"Upper Bar BC Creek (East Fork 2)",2021,4,14.6003795440357,14.5162226832259,0.0841568608097941,FALSE,FALSE,0,2021-04-01
"Upper Bar BC Creek (East Fork 2)",2021,5,14.8328614903438,14.6882556140892,0.144605876254611,FALSE,FALSE,0,2021-05-01
"Upper Bar BC Creek (East Fork 2)",2021,6,14.5331347006158,15.5626132147074,-1.02947851409164,FALSE,TRUE,1,2021-06-01
"Upper Bar BC Creek (East Fork 2)",2021,7,14.3250740232956,15.4331080392031,-1.10803401590747,FALSE,TRUE,1,2021-07-01
"Upper Bar BC Creek (East Fork 2)",2022,8,14.3327957433036,15.4870867012851,-1.15429095798151,FALSE,TRUE,1,2022-08-01
"Upper Bar BC Creek (East Fork 2)",2022,9,14.1729419707597,15.4621312296041,-1.28918925884439,FALSE,TRUE,1,2022-09-01
"Upper Bar BC Creek (East Fork 3)",2020,3,14.4388158947709,15.3850118971106,-0.946196002339654,FALSE,TRUE,1,2020-03-01
"Upper Bar BC Creek (East Fork 3)",2020,4,14.5793769344391,15.957423049768,-1.37804611532898,FALSE,TRUE,1,2020-04-01
"Upper Bar BC Creek (East Fork 3)",2020,5,14.7383426281738,15.9041275485038,-1.16578492033007,FALSE,TRUE,1,2020-05-01
"Upper Bar BC Creek (East Fork 3)",2020,6,14.592286850179,15.7298744064846,-1.13758755630553,FALSE,TRUE,1,2020-06-01
"Upper Bar BC Creek (East Fork 3)",2020,7,14.3894711181724,15.2742056809499,-0.884734562777586,FALSE,TRUE,1,2020-07-01
"Upper Bar BC Creek (East Fork 3)",2020,8,14.2890630683896,15.123506903963,-0.834443835573375,FALSE,TRUE,1,2020-08-01
"Upper Bar BC Creek (East Fork 3)",2020,9,14.2390730239335,15.2345896105558,-0.995516586622368,FALSE,TRUE,1,2020-09-01
"Upper Bar BC Creek (East Fork 3)",2020,10,14.3668463768922,15.0635454416747,-0.696699064782533,FALSE,TRUE,1,2020-10-01
"Upper Bar BC Creek (East Fork 3)",2021,3,14.0992824185087,14.8043063819188,-0.705023963410069,FALSE,TRUE,1,2021-03-01
"Upper Bar BC Creek (East Fork 3)",2021,6,14.5057756625749,16.8053057014366,-2.29953003886175,TRUE,TRUE,2,2021-06-01
"Upper Bar BC Creek (East Fork 3)",2021,7,14.3561649389202,16.6475732044547,-2.29140826553452,TRUE,TRUE,2,2021-07-01
"Upper Bar BC Creek (East Fork 3)",2021,8,14.4204815497684,16.3948804080427,-1.97439885827426,FALSE,TRUE,1,2021-08-01
"Upper Bar BC Creek (East Fork 3)",2021,9,14.5404607729347,16.1969486207256,-1.65648784779089,FALSE,TRUE,1,2021-09-01
"Upper Bar BC Creek (East Fork 3)",2022,8,14.2272567122098,16.7372205898739,-2.50996387766405,TRUE,TRUE,2,2022-08-01
"Upper Bar BC Creek (West Fork 1)",2019,5,14.7888541841343,15.2629017258426,-0.47404754170827,FALSE,FALSE,0,2019-05-01
"Upper Bar BC Creek (West Fork 1)",2019,6,14.6908461983152,15.4210976862112,-0.730251487896019,FALSE,TRUE,1,2019-06-01
"Upper Bar BC Creek (West Fork 1)",2019,7,14.326822724697,14.9641926606541,-0.637369935957147,FALSE,TRUE,1,2019-07-01
"Upper Bar BC Creek (West Fork 1)",2019,8,14.307250914678,14.9197530377528,-0.612502123074771,FALSE,TRUE,1,2019-08-01
"Upper Bar BC Creek (West Fork 1)",2019,9,14.5044401523538,14.8256565229643,-0.32121637061049,FALSE,FALSE,0,2019-09-01
"Upper Bar BC Creek (West Fork 1)",2020,6,14.6164609236765,14.844463595204,-0.228002671527434,FALSE,FALSE,0,2020-06-01
"Upper Bar BC Creek (West Fork 1)",2020,7,14.3920463056189,14.5954083472644,-0.203362041645433,FALSE,FALSE,0,2020-07-01
"Upper Bar BC Creek (West Fork 1)",2020,8,14.2905427460283,14.4559736071819,-0.165430861153698,FALSE,FALSE,0,2020-08-01
"Upper Bar BC Creek (West Fork 1)",2020,9,14.2106612326979,14.1572391296438,0.0534221030541536,FALSE,FALSE,0,2020-09-01
"Upper Bar BC Creek (West Fork 1)",2021,3,14.1677481500742,13.801432840255,0.366315309819215,FALSE,FALSE,0,2021-03-01
"Upper Bar BC Creek (West Fork 1)",2021,4,14.6161206230396,14.4629013448539,0.153219278185676,FALSE,FALSE,0,2021-04-01
"Upper Bar BC Creek (West Fork 1)",2021,5,14.8268146538976,15.1118944370486,-0.285079783151069,FALSE,FALSE,0,2021-05-01
"Upper Bar BC Creek (West Fork 1)",2021,6,14.5329837404594,16.1179507660584,-1.58496702559901,FALSE,TRUE,1,2021-06-01
"Upper Bar BC Creek (West Fork 1)",2021,7,14.3016156050485,15.7073069031559,-1.40569129810743,FALSE,TRUE,1,2021-07-01
"Upper Bar BC Creek (West Fork 1)",2021,8,14.4180945073838,15.7695071322694,-1.35141262488559,FALSE,TRUE,1,2021-08-01
"Upper Bar BC Creek (West Fork 1)",2021,9,14.5392532891867,15.5777000070004,-1.03844671781375,FALSE,TRUE,1,2021-09-01
"Upper Bar BC Creek (West Fork 1)",2021,10,14.3481782238133,15.0454684119585,-0.697290188145217,FALSE,TRUE,1,2021-10-01
"Upper Bar BC Creek (West Fork 1)",2022,3,14.3744843864697,13.2791788759672,1.09530551050246,FALSE,FALSE,0,2022-03-01
"Upper Bar BC Creek (West Fork 1)",2022,4,14.2985610594799,13.5499999059223,0.748561153557557,FALSE,FALSE,0,2022-04-01
"Upper Bar BC Creek (West Fork 1)",2022,5,14.437153060258,15.0427425809791,-0.605589520721132,FALSE,TRUE,1,2022-05-01
"Upper Bar BC Creek (West Fork 1)",2022,6,14.605992777485,15.1227325271011,-0.516739749616017,FALSE,TRUE,1,2022-06-01
"Upper Bar BC Creek (West Fork 1)",2022,7,14.2644270806224,15.0818786113407,-0.81745153071833,FALSE,TRUE,1,2022-07-01
"Upper Bar BC Creek (West Fork 1)",2022,8,14.303503674831,16.0478755283533,-1.74437185352224,FALSE,TRUE,1,2022-08-01
"Upper Bar BC Creek (West Fork 1)",2022,9,14.1711067034836,15.8583606353117,-1.68725393182811,FALSE,TRUE,1,2022-09-01
"Upper Bar BC Creek (West Fork 1)",2023,2,13.572742741086,13.3064403833971,0.266302357688899,FALSE,FALSE,0,2023-02-01
"Upper Bar BC Creek (West Fork 2)",2019,5,14.7836522268314,15.64840226573,-0.864750038898616,FALSE,TRUE,1,2019-05-01
"Upper Bar BC Creek (West Fork 2)",2019,6,14.6789434575494,15.9339753060974,-1.25503184854804,FALSE,TRUE,1,2019-06-01
"Upper Bar BC Creek (West Fork 2)",2019,7,14.300556933578,15.7654154430748,-1.46485850949678,FALSE,TRUE,1,2019-07-01
"Upper Bar BC Creek (West Fork 2)",2019,8,14.307250914678,15.3557510218772,-1.0485001071992,FALSE,TRUE,1,2019-08-01
"Upper Bar BC Creek (West Fork 2)",2019,9,14.5238163884383,15.5513085000947,-1.02749211165642,FALSE,TRUE,1,2019-09-01
"Upper Bar BC Creek (West Fork 2)",2020,6,14.6164609236765,14.5705988356789,0.0458620879976976,FALSE,FALSE,0,2020-06-01
"Upper Bar BC Creek (West Fork 2)",2020,7,14.3920463056189,14.0865625447112,0.305483760907767,FALSE,FALSE,0,2020-07-01
"Upper Bar BC Creek (West Fork 2)",2020,8,14.2905427460283,13.8464982124581,0.444044533570162,FALSE,FALSE,0,2020-08-01
"Upper Bar BC Creek (West Fork 2)",2020,9,14.2815194401011,13.8135291514699,0.467990288631258,FALSE,FALSE,0,2020-09-01
"Upper Bar BC Creek (West Fork 2)",2021,3,14.1457474507352,14.1786238435817,-0.032876392846486,FALSE,FALSE,0,2021-03-01
"Upper Bar BC Creek (West Fork 2)",2021,4,14.5773391604189,14.5338877374862,0.043451422932699,FALSE,FALSE,0,2021-04-01
"Upper Bar BC Creek (West Fork 2)",2021,6,14.4820070497652,15.5795306152084,-1.09752356544317,FALSE,TRUE,1,2021-06-01
"Upper Bar BC Creek (West Fork 2)",2021,7,14.3028101789158,15.3655262425849,-1.06271606366901,FALSE,TRUE,1,2021-07-01
"Upper Bar BC Creek (West Fork 2)",2022,8,14.3254058926815,15.4474246825722,-1.12201878989074,FALSE,TRUE,1,2022-08-01
"Upper Bar BC Creek (West Fork 2)",2023,3,14.0548481802245,13.9883334043878,0.0665147758367187,FALSE,FALSE,0,2023-03-01
"Upper Bar BC Creek (West Fork 2)",2023,4,14.824735860126,14.0340692193777,0.79066664074835,FALSE,FALSE,0,2023-04-01
"Upper Bar BC Creek (West Fork 2)",2023,5,14.831047287245,14.6578070586777,0.173240228567302,FALSE,FALSE,0,2023-05-01
"Upper Bar BC Creek (West Fork 2)",2023,6,14.5839674854139,14.3351242309447,0.248843254469196,FALSE,FALSE,0,2023-06-01
"Upper Bar BC Creek (West Fork 3)",2020,6,14.6174749466495,15.7574015036297,-1.13992655698016,FALSE,TRUE,1,2020-06-01
"Upper Bar BC Creek (West Fork 3)",2020,7,14.392046304248,15.6680103293449,-1.27596402509687,FALSE,TRUE,1,2020-07-01
"Upper Bar BC Creek (West Fork 3)",2020,8,14.2989523090284,15.7834545907436,-1.48450228171517,FALSE,TRUE,1,2020-08-01
"Upper Bar BC Creek (West Fork 3)",2020,9,14.1381943945449,15.5276289746862,-1.38943458014134,FALSE,TRUE,1,2020-09-01
"Upper Bar BC Creek (West Fork 3)",2021,3,14.1040274927171,14.5629946757085,-0.45896718299139,FALSE,FALSE,0,2021-03-01
"Upper Bar BC Creek (West Fork 3)",2021,4,14.4628631385026,15.3142122810215,-0.851349142518915,FALSE,TRUE,1,2021-04-01
"Upper Bar BC Creek (West Fork 3)",2021,5,14.8378126830454,15.9476697433115,-1.10985706026608,FALSE,TRUE,1,2021-05-01
"Upper Bar BC Creek (West Fork 3)",2021,6,14.4748114544536,17.0809959065275,-2.60618445207389,TRUE,TRUE,2,2021-06-01
"Upper Bar BC Creek (West Fork 3)",2021,7,14.2520328786038,16.900813747739,-2.64878086913518,TRUE,TRUE,2,2021-07-01
"Upper Bar BC Creek (West Fork 3)",2021,8,14.4054264935879,16.9598859108542,-2.55445941726629,TRUE,TRUE,2,2021-08-01
"Upper Bar BC Creek (West Fork 4)",2019,7,14.3297478508524,16.1539371176566,-1.82418926680413,FALSE,TRUE,1,2019-07-01
"Upper Bar BC Creek (West Fork 4)",2020,7,14.3710079675569,16.2151389343214,-1.84413096676452,FALSE,TRUE,1,2020-07-01
"Upper Bar BC Creek (West Fork 4)",2021,6,14.4849244024857,16.6959683775473,-2.21104397506152,TRUE,TRUE,2,2021-06-01
"Upper Bar BC Creek (West Fork 4)",2021,7,14.2657665798531,16.6106876481467,-2.34492106829353,TRUE,TRUE,2,2021-07-01
"Upper Bar BC Creek (West Fork 4)",2022,2,13.9927120623259,11.8773405289569,2.11537153336902,FALSE,FALSE,0,2022-02-01
"Upper Bar BC Creek (West Fork 4)",2022,3,14.4294511602206,11.8863771731684,2.54307398705223,FALSE,FALSE,0,2022-03-01
"Upper Bar BC Creek (West Fork 4)",2022,4,14.298561058326,12.2640893349784,2.03447172334764,FALSE,FALSE,0,2022-04-01
"Upper Bar BC Creek (West Fork 4)",2022,5,14.4778154020384,13.2125356469282,1.26527975511021,FALSE,FALSE,0,2022-05-01
"Upper Bar BC Creek (West Fork 4)",2022,6,14.640209123075,13.6698749678945,0.970334155180501,FALSE,FALSE,0,2022-06-01
"Upper Bar BC Creek (West Fork 5)",2019,5,14.870940005447,12.618123493555,2.25281651189202,FALSE,FALSE,0,2019-05-01
"Upper Bar BC Creek (West Fork 5)",2019,6,14.6983207996596,12.5330068100504,2.16531398960925,FALSE,FALSE,0,2019-06-01
"Upper Bar BC Creek (West Fork 5)",2019,7,14.3274267563831,12.1609534423871,2.16647331399607,FALSE,FALSE,0,2019-07-01
"Upper Bar BC Creek (West Fork 5)",2019,8,14.3284006234841,12.1295941087441,2.19880651473998,FALSE,FALSE,0,2019-08-01
"Upper Bar BC Creek (West Fork 5)",2019,9,14.6125067903952,12.2899568460535,2.3225499443417,FALSE,FALSE,0,2019-09-01
"Upper Bar BC Creek 1",2019,5,14.7888541836105,14.0942621015496,0.694592082060924,FALSE,FALSE,0,2019-05-01
"Upper Bar BC Creek 1",2019,6,14.6980749902183,14.213180672766,0.484894317452268,FALSE,FALSE,0,2019-06-01
"Upper Bar BC Creek 1",2019,7,14.3268227241378,13.9497040531173,0.377118671020549,FALSE,FALSE,0,2019-07-01
"Upper Bar BC Creek 1",2019,8,14.3072509137016,13.7524052076976,0.554845706004026,FALSE,FALSE,0,2019-08-01
"Upper Bar BC Creek 1",2019,9,14.5797853805163,13.7041655870761,0.875619793440137,FALSE,FALSE,0,2019-09-01
"Upper Bar BC Creek 1",2019,10,14.5972863640865,12.6148161717018,1.98247019238475,FALSE,FALSE,0,2019-10-01
"Upper Bar BC Creek 1",2019,11,14.1017171600643,12.2079920784973,1.89372508156698,FALSE,FALSE,0,2019-11-01
"Upper Bar BC Creek 1",2019,12,13.5363509117342,12.9031996946422,0.63315121709203,FALSE,FALSE,0,2019-12-01
"Upper Bar BC Creek 1",2020,1,13.4029148409618,12.8832676627705,0.519647178191269,FALSE,FALSE,0,2020-01-01
"Upper Bar BC Creek 1",2020,2,13.7337061654282,12.664279913682,1.06942625174622,FALSE,FALSE,0,2020-02-01
"Upper Bar BC Creek 1",2020,3,14.4734009637563,12.9444145338793,1.52898642987705,FALSE,FALSE,0,2020-03-01
"Upper Bar BC Creek 1",2020,4,14.6105669146337,13.3459036079776,1.26466330665611,FALSE,FALSE,0,2020-04-01
"Upper Bar BC Creek 1",2020,5,14.7438585702921,13.6959619650783,1.04789660521389,FALSE,FALSE,0,2020-05-01
"Upper Bar BC Creek 1",2020,6,14.6375416790324,14.2658393535764,0.37170232545601,FALSE,FALSE,0,2020-06-01
"Upper Bar BC Creek 1",2020,7,14.3920463056189,14.1496971091277,0.242349196491279,FALSE,FALSE,0,2020-07-01
"Upper Bar BC Creek 1",2020,8,14.2905427460283,13.9151619257695,0.375380820258731,FALSE,FALSE,0,2020-08-01
"Upper Bar BC Creek 1",2020,9,14.2388100210414,13.6791716425716,0.55963837846979,FALSE,FALSE,0,2020-09-01
"Upper Bar BC Creek 1",2020,10,14.2838908157788,13.6006479363846,0.683242879394158,FALSE,FALSE,0,2020-10-01
"Upper Bar BC Creek 1",2021,3,14.1513904412855,12.9411518815071,1.21023855977847,FALSE,FALSE,0,2021-03-01
"Upper Bar BC Creek 1",2021,4,14.6161206230396,13.2731540424918,1.3429665805478,FALSE,FALSE,0,2021-04-01
"Upper Bar BC Creek 1",2021,5,14.8414937324521,13.8893571558704,0.952136576581661,FALSE,FALSE,0,2021-05-01
"Upper Bar BC Creek 1",2021,6,14.5329837404594,13.6222909252998,0.910692815159585,FALSE,FALSE,0,2021-06-01
"Upper Bar BC Creek 1",2021,7,14.4165854412761,13.2933723977876,1.1232130434885,FALSE,FALSE,0,2021-07-01
"Upper Bar BC Creek 1",2021,8,14.4674626969828,13.2314598375544,1.23600285942848,FALSE,FALSE,0,2021-08-01
"Upper Bar BC Creek 1",2021,9,14.5583090100005,13.1292146310129,1.4290943789876,FALSE,FALSE,0,2021-09-01
"Upper Bar BC Creek 1",2021,10,14.4512992995026,13.5183581287697,0.932941170732974,FALSE,FALSE,0,2021-10-01
"Upper Bar BC Creek 1",2021,11,14.1249972977447,13.2049888961931,0.920008401551612,FALSE,FALSE,0,2021-11-01
"Upper Bar BC Creek 1",2022,2,14.0310307136558,12.9721562522882,1.05887446136759,FALSE,FALSE,0,2022-02-01
"Upper Bar BC Creek 1",2022,3,14.3744843864697,12.6256151791944,1.74886920727527,FALSE,FALSE,0,2022-03-01
"Upper Bar BC Creek 1",2022,4,14.2985610594799,13.1148490974444,1.18371196203549,FALSE,FALSE,0,2022-04-01
"Upper Bar BC Creek 1",2022,5,14.4778154032173,13.7818420264639,0.695973376753451,FALSE,FALSE,0,2022-05-01
"Upper Bar BC Creek 1",2022,6,14.6488335603039,13.7118017632204,0.937031797083484,FALSE,FALSE,0,2022-06-01
"Upper Bar BC Creek 1",2022,7,14.2731177018383,13.4556539939715,0.81746370786674,FALSE,FALSE,0,2022-07-01
"Upper Bar BC Creek 1",2022,8,14.3501453084386,13.5720074041762,0.778137904262444,FALSE,FALSE,0,2022-08-01
"Upper Bar BC Creek 1",2022,9,14.2893856561781,13.4815970113106,0.807788644867527,FALSE,FALSE,0,2022-09-01
"Upper Bar BC Creek 1",2022,10,14.1553517183647,13.427567866378,0.727783851986691,FALSE,FALSE,0,2022-10-01
"Upper Bar BC Creek 1",2023,3,14.2312896312883,13.4524028258079,0.778886805480364,FALSE,FALSE,0,2023-03-01
"Upper Bar BC Creek 1",2023,4,14.8286795014108,13.4070606725576,1.42161882885319,FALSE,FALSE,0,2023-04-01
"Upper Bar BC Creek 1",2023,5,14.8632513125747,14.4520013941171,0.411249918457618,FALSE,FALSE,0,2023-05-01
"Upper Bar BC Creek 1",2023,6,14.5224083677543,13.8642546720612,0.658153695693032,FALSE,FALSE,0,2023-06-01
"Upper Bar BC Creek 1",2023,7,14.4253076174902,10.7750848425603,3.65022277492985,FALSE,TRUE,1,2023-07-01
"Upper Bar BC Creek 1",2023,8,14.469444296707,10.9142724342387,3.5551718624683,FALSE,TRUE,1,2023-08-01
"Upper Bar BC Creek 1",2023,9,14.5571982492477,11.7758378397468,2.78136040950091,FALSE,FALSE,0,2023-09-01
"Upper Bar BC Creek 1",2023,10,14.5127781245457,14.0819930611839,0.43078506336183,FALSE,FALSE,0,2023-10-01
"Upper Bar BC Creek 1",2024,2,13.2400067790149,13.5814208759664,-0.34141409695154,FALSE,FALSE,0,2024-02-01
"Upper Bar BC Creek 1",2024,3,13.7941288810772,13.5959075363056,0.198221344771539,FALSE,FALSE,0,2024-03-01
"Upper Bar BC Creek 1",2024,4,14.1795406339281,14.1078423922666,0.0716982416614961,FALSE,FALSE,0,2024-04-01
"Upper Bar BC Creek 1",2024,5,14.45876753784,14.4502654434293,0.00850209441070373,FALSE,FALSE,0,2024-05-01
"Upper Bar BC Creek 1",2024,6,14.4953873848646,14.473886534194,0.0215008506706228,FALSE,FALSE,0,2024-06-01
"Upper Bar BC Creek 1",2024,7,14.3248015991273,14.2617290507523,0.0630725483749929,FALSE,FALSE,0,2024-07-01
"Upper Bar BC Creek 1",2024,8,14.2044015704287,14.2867992141657,-0.0823976437369614,FALSE,FALSE,0,2024-08-01
"Upper Bar BC Creek 1",2024,9,14.3980525129135,14.2456527869847,0.152399725928771,FALSE,FALSE,0,2024-09-01
"Upper Bar BC Creek 2",2021,3,14.1758744849481,13.2787395636821,0.897134921265916,FALSE,FALSE,0,2021-03-01
"Upper Bar BC Creek 2",2021,4,14.6161206230396,13.6975814668536,0.918539156186046,FALSE,FALSE,0,2021-04-01
"Upper Bar BC Creek 2",2021,5,14.8268146538976,14.2548363864944,0.571978267403162,FALSE,FALSE,0,2021-05-01
"Upper Bar BC Creek 2",2021,6,14.5329837404594,14.4778841617338,0.0550995787255411,FALSE,FALSE,0,2021-06-01
"Upper Bar BC Creek 2",2021,7,14.3239193477274,14.3828201502132,-0.0589008024857921,FALSE,FALSE,0,2021-07-01
"Upper Bar BC Creek 2",2021,8,14.4674626969828,14.4328173354079,0.0346453615749179,FALSE,FALSE,0,2021-08-01
"Upper Bar BC Creek 2",2021,9,14.5583090100005,14.2387844340192,0.319524575981308,FALSE,FALSE,0,2021-09-01
"Upper Bar BC Creek 2",2021,10,14.4132320298348,14.2501220272091,0.163110002625648,FALSE,FALSE,0,2021-10-01
"Upper Bar BC Creek 2",2022,8,14.3389475061931,15.4859359893222,-1.14698848312906,FALSE,TRUE,1,2022-08-01
"Upper Bar BC Creek 2",2022,9,14.2510805815139,15.3977047770474,-1.14662419553353,FALSE,TRUE,1,2022-09-01
"Upper Bar BC Creek 2",2023,2,13.5405016994611,13.7198778376722,-0.17937613821112,FALSE,FALSE,0,2023-02-01
"Upper Bar BC Creek 2",2023,3,14.1443372265002,13.3837911112756,0.760546115224576,FALSE,FALSE,0,2023-03-01
"Upper Bar BC Creek 2",2023,4,14.9676194068638,13.2830330757385,1.68458633112532,FALSE,FALSE,0,2023-04-01
"Upper Bar BC Groundwater Spring",2023,7,14.3990112157234,11.7868097155765,2.61220150014691,FALSE,FALSE,0,2023-07-01
"Upper Bar BC Groundwater Spring",2023,8,14.3754721708902,11.7901600945371,2.58531207635308,FALSE,FALSE,0,2023-08-01
"Upper Bar BC Groundwater Spring",2023,9,14.46757497901,11.8457192824914,2.62185569651861,FALSE,FALSE,0,2023-09-01
"Willow Creek 1",2020,8,14.5062287008124,11.8113589097525,2.69486979105988,FALSE,FALSE,0,2020-08-01
"Willow Creek 1",2020,9,14.3674621871475,11.4854657369385,2.88199645020908,FALSE,FALSE,0,2020-09-01
"Willow Creek 1",2020,10,14.452515644929,11.254960103568,3.19755554136102,FALSE,FALSE,0,2020-10-01
"Willow Creek 2",2018,10,14.6293285000574,-1.96704867878344,-7.40362282115919,TRUE,TRUE,2,2018-10-01
"Willow Creek 2",2019,3,14.4596584588534,-2.24785493154893,-5.578200895312,TRUE,TRUE,2,2019-03-01
"Willow Creek 2",2019,4,15.1433615429784,-1.27088750875708,-7.58575094826448,TRUE,TRUE,2,2019-04-01
"Willow Creek 2",2019,5,14.9207452695053,-1.17374054863126,-7.9055141818634,TRUE,TRUE,2,2019-05-01
"Willow Creek 2",2019,6,14.9570670788903,-1.31673843434487,-7.72619448676486,TRUE,TRUE,2,2019-06-01
"Willow Creek 2",2019,7,14.502102150941,-2.0146720586917,-7.48322579036728,TRUE,TRUE,2,2019-07-01
"Willow Creek 2",2019,8,14.5352872015674,-2.30201954696259,-7.16269325147001,TRUE,TRUE,2,2019-08-01
"Willow Creek 2",2019,9,14.5459456831273,-2.24792235826234,-7.20613195861035,TRUE,TRUE,2,2019-09-01
"Willow Creek 2",2019,10,14.8434421578896,-2.07926369145916,-7.07729415065121,TRUE,TRUE,2,2019-10-01
"Willow Creek 2",2019,11,14.1308356066417,-2.04609285631184,-5.97691769089262,TRUE,TRUE,2,2019-11-01
"Willow Creek 2",2020,3,14.5983736896849,-2.30248156262974,-6.00823565677628,TRUE,TRUE,2,2020-03-01
"Willow Creek 2",2020,4,14.9317094363466,-1.17613974209872,-7.89215082155464,TRUE,TRUE,2,2020-04-01
"Willow Creek 2",2020,5,15.0131968566566,-1.20774953580942,-7.77905360753396,TRUE,TRUE,2,2020-05-01
"Willow Creek 2",2020,6,14.6617013591421,-1.46013324109392,-7.87816539976399,TRUE,TRUE,2,2020-06-01
"Willow Creek 2",2020,7,14.5693125288673,-2.14574454821222,-7.28494292292052,TRUE,TRUE,2,2020-07-01
"Willow Creek 2",2020,8,14.4918313137089,-2.31999914593972,-7.18816954035137,TRUE,TRUE,2,2020-08-01
"Willow Creek 2",2020,9,14.3659560340068,-2.66283210926565,-6.97121185672751,TRUE,TRUE,2,2020-09-01
"Willow Creek 2",2020,10,14.294121562873,-1.29046392998417,-7.15225661240596,TRUE,TRUE,2,2020-10-01
"Willow Creek 2",2021,3,14.1960926855403,-1.5896425613366,-6.36811090696923,TRUE,TRUE,2,2021-03-01
"Willow Creek 2",2021,4,14.7133076167524,-1.65042420534338,-7.63626817790421,TRUE,TRUE,2,2021-04-01
"Willow Creek 2",2021,5,14.9214577174254,-1.19039747886091,-7.88814480371374,TRUE,TRUE,2,2021-05-01
"Willow Creek 2",2021,6,14.5363151359898,-1.73618172872489,-7.72750313528533,TRUE,TRUE,2,2021-06-01
"Willow Creek 2",2021,7,14.4467787675439,-1.98777336623673,-7.56544786621933,TRUE,TRUE,2,2021-07-01
"Willow Creek 2",2021,8,14.5024764666703,-2.07528880821782,-7.42223472511192,TRUE,TRUE,2,2021-08-01
"Willow Creek 2",2021,9,14.675922361793,-2.32981305010247,-6.99426458810457,TRUE,TRUE,2,2021-09-01
"Willow Creek 2",2021,10,14.6503115605529,-2.09671233616369,-7.25297610328338,TRUE,TRUE,2,2021-10-01
"Willow Creek 2",2021,11,14.0218704514896,0.324169070204574,-5.93866225507864,TRUE,TRUE,2,2021-11-01
"Willow Creek 2",2022,3,14.8685437103398,-2.46346580835899,-6.66799048130119,TRUE,TRUE,2,2022-03-01
"Willow Creek 2",2022,4,14.7101419081509,-1.39142322897696,-7.89843486287219,TRUE,TRUE,2,2022-04-01
"Willow Creek 2",2022,5,14.9531327842063,-1.13429818470149,-7.91256903109225,TRUE,TRUE,2,2022-05-01
"Willow Creek 2",2022,6,14.74408407347,-1.33974684822337,-7.91616907830661,TRUE,TRUE,2,2022-06-01
"Willow Creek 2",2022,7,14.4385186826992,-1.98912907092161,-7.57235224637924,TRUE,TRUE,2,2022-07-01
"Willow Creek 2",2022,8,14.5324837166241,-1.99461059902941,-7.47290568434645,TRUE,TRUE,2,2022-08-01
"Willow Creek 2",2022,9,14.5696183006682,-2.06008616706984,-7.37029553226191,TRUE,TRUE,2,2022-09-01
"Willow Creek 2",2022,10,14.512445789152,-1.87375138247292,-7.61380282837512,TRUE,TRUE,2,2022-10-01
"Willow Creek 2",2023,4,15.001192829187,-0.447371894403308,-3.98000670498112,TRUE,TRUE,2,2023-04-01
"Willow Creek 2",2023,5,15.153106722862,6.72680379603879,8.42630292682326,TRUE,TRUE,2,2023-05-01
"Willow Creek 2",2023,6,14.7546035122496,5.82987854590211,8.92472496634749,TRUE,TRUE,2,2023-06-01
"Willow Creek 2",2023,7,14.5157252699068,5.14870204225441,9.36702322765241,TRUE,TRUE,2,2023-07-01
"Willow Creek 2",2023,8,14.4793137428844,4.91059581571417,9.56871792717019,TRUE,TRUE,2,2023-08-01
"Willow Creek 2",2023,9,14.6422571432056,4.89941634723018,9.74284079597538,TRUE,TRUE,2,2023-09-01
"Willow Creek 2",2023,10,14.7967317335716,4.78269174448155,10.0140399890901,TRUE,TRUE,2,2023-10-01
"Willow Creek 2",2023,11,14.8621849479058,5.08243122398463,7.59793554210301,TRUE,TRUE,2,2023-11-01
"Willow Creek 2",2024,3,14.3553095705349,4.68612260014891,7.95490125610029,TRUE,TRUE,2,2024-03-01
"Willow Creek 2",2024,4,14.4636087947653,6.24020609645304,8.22340269831229,TRUE,TRUE,2,2024-04-01
"Willow Creek 2",2024,5,14.7866906377422,6.169764107012,8.61692653073022,TRUE,TRUE,2,2024-05-01
"Willow Creek 2",2024,6,14.6910899720774,5.90240284101999,8.78868713105741,TRUE,TRUE,2,2024-06-01
"Willow Creek 2",2024,7,14.3790548252554,5.11766531506261,9.26138951019275,TRUE,TRUE,2,2024-07-01
"Willow Creek 2",2024,8,14.432524622615,4.92473248615356,9.50779213646149,TRUE,TRUE,2,2024-08-01
"Willow Creek 2",2024,9,14.4785052279858,4.86840502223901,9.6101002057468,TRUE,TRUE,2,2024-09-01
"Willow Creek 2",2024,10,14.478679131635,5.51362395878766,8.96505517284731,TRUE,TRUE,2,2024-10-01
"Willow Creek 3",2021,8,14.4812446330825,12.0381401071609,2.44310452592156,FALSE,FALSE,0,2021-08-01
"Willow Creek 3",2021,9,14.6759223616183,12.0222722239596,2.65365013765873,FALSE,FALSE,0,2021-09-01
"Willow Creek 3",2021,10,14.6674815133081,12.0050471922639,2.66243432104418,FALSE,FALSE,0,2021-10-01
"Willow Creek 3",2022,3,14.8244726220093,10.7761629779784,4.04830964403095,FALSE,TRUE,1,2022-03-01
"Willow Creek 3",2022,4,14.6963230730393,12.0369475802468,2.6593754927925,FALSE,FALSE,0,2022-04-01
"Willow Creek 3",2022,5,14.8045970916839,12.3960408616421,2.40855623004181,FALSE,FALSE,0,2022-05-01
"Willow Creek 3",2022,6,14.6832163286979,12.1672171147153,2.51599921398256,FALSE,FALSE,0,2022-06-01
"Willow Creek 3",2022,7,14.4385186832443,11.847896932517,2.59062175072734,FALSE,FALSE,0,2022-07-01
"Willow Creek 3",2022,8,14.5324837168236,12.6040095273666,1.92847418945698,FALSE,FALSE,0,2022-08-01
"Willow Creek 3",2022,9,14.5696183008785,12.2233776204153,2.34624068046317,FALSE,FALSE,0,2022-09-01
"Willow Creek 3",2022,10,14.5031021373228,12.0411633259215,2.46193881140124,FALSE,FALSE,0,2022-10-01
"Willow Creek 3",2023,3,14.5850667501722,10.2701296269693,4.31493712320286,FALSE,TRUE,1,2023-03-01
"Willow Creek 3",2023,4,14.9524352893224,11.8218043556762,3.13063093364623,FALSE,FALSE,0,2023-04-01
"Willow Creek 3",2023,5,15.1531067232309,13.2461448243419,1.90696189888905,FALSE,FALSE,0,2023-05-01
"Willow Creek 3",2023,6,14.7813871065215,12.2287979097323,2.55258919678927,FALSE,FALSE,0,2023-06-01
"Wolf Creek",2019,5,14.5887002593356,0.0439087918402546,-9.45520853250464,TRUE,TRUE,2,2019-05-01
"Wolf Creek",2019,6,14.5551246632703,0.366731096333038,-9.81160643306275,TRUE,TRUE,2,2019-06-01
"Wolf Creek",2019,7,14.1217450981938,-0.54063347957349,-9.33762142223275,TRUE,TRUE,2,2019-07-01
"Wolf Creek",2019,8,14.0412552638619,-1.15093021085431,-8.80781452528383,TRUE,TRUE,2,2019-08-01
"Wolf Creek",2019,9,14.1495157017623,-1.21119137781875,-8.63929292041894,TRUE,TRUE,2,2019-09-01
"Wolf Creek",2019,10,14.0974222357356,-1.30741506533849,-8.59516269892594,TRUE,TRUE,2,2019-10-01
"Wolf Creek",2020,5,14.3390885798565,0.107570472412658,-9.76848189255614,TRUE,TRUE,2,2020-05-01
"Wolf Creek",2020,6,14.2776258455447,-0.176296012024756,-9.54607814243056,TRUE,TRUE,2,2020-06-01
"Wolf Creek",2020,7,14.2973769256006,-0.75241320030946,-8.95020987408996,TRUE,TRUE,2,2020-07-01
"Wolf Creek",2020,8,14.0483440435447,-1.0438449987839,-8.90781095767144,TRUE,TRUE,2,2020-08-01
"Wolf Creek",2020,9,13.8627277480049,-1.09415978143167,-9.04311247056341,TRUE,TRUE,2,2020-09-01
"Wolf Creek",2020,10,13.7245256106293,-0.577925428978538,-9.69754896039221,TRUE,TRUE,2,2020-10-01
"Wolf Creek",2021,3,13.8873266978379,4.84059626885113,-3.65915192395446,TRUE,TRUE,2,2021-03-01
"Wolf Creek",2021,6,14.3813724219,-0.350717727674649,-9.26790985042533,TRUE,TRUE,2,2021-06-01
"Wolf Creek",2021,7,14.279622903931,-0.136032127347799,-9.58434496872124,TRUE,TRUE,2,2021-07-01
"Wolf Creek",2021,8,14.0140309010812,-0.602956281751222,-9.3830128171676,TRUE,TRUE,2,2021-08-01
"Wolf Creek",2021,9,13.6118565456671,-0.958251532564386,-9.4298919217685,TRUE,TRUE,2,2021-09-01
"Wolf Creek",2021,10,13.9791467161567,-0.500973426258225,-9.51987985758509,TRUE,TRUE,2,2021-10-01
"Wolf Creek",2022,5,14.4911442247779,-0.407719138786917,-9.10113663643515,TRUE,TRUE,2,2022-05-01
"Wolf Creek",2022,6,14.4089324186224,0.0313895523830271,-9.62245713376061,TRUE,TRUE,2,2022-06-01
"Wolf Creek",2022,7,14.1285089609058,-0.930015307047534,-8.94147573204664,TRUE,TRUE,2,2022-07-01
"Wolf Creek",2022,8,14.2553896369825,-1.69106327218406,-8.05354709083349,TRUE,TRUE,2,2022-08-01
"Wolf Creek",2022,9,13.9282011175615,-1.39262953444415,-8.67916934799431,TRUE,TRUE,2,2022-09-01
"Wolf Creek",2022,10,14.0599499123209,-0.765274118808277,-9.17477596887079,TRUE,TRUE,2,2022-10-01
"Wolf Creek",2023,3,14.2946650841362,6.59399055681517,-4.29932547267894,TRUE,TRUE,2,2023-03-01
"Wolf Creek",2023,4,14.0689330242898,-1.81479408285181,-6.40198717857267,TRUE,TRUE,2,2023-04-01
"Wolf Creek",2023,7,14.2402094450794,6.22446335597762,8.0157460891018,TRUE,TRUE,2,2023-07-01
"Wolf Creek",2023,8,14.2578620443245,5.52693800255762,8.73092404176686,TRUE,TRUE,2,2023-08-01
"Wolf Creek",2023,9,14.0657327219622,5.18466703873701,8.88106568322518,TRUE,TRUE,2,2023-09-01
"Wolf Creek",2023,10,14.3774805105874,5.02358646673729,8.02056071051682,TRUE,TRUE,2,2023-10-01
"Wolf Creek",2024,6,14.1787383129284,7.05423045800813,7.12450785492031,TRUE,TRUE,2,2024-06-01
"Wolf Creek",2024,7,14.1523157675509,6.33712373276129,7.81519203478957,TRUE,TRUE,2,2024-07-01
"Wolf Creek",2024,8,14.2524750350466,5.73305196231529,8.51942307273127,TRUE,TRUE,2,2024-08-01
